Time,Q_reach_293,Q_reach_330,Q_reach_314,Q_reach_515
31-Oct-2023 00:15,3.51491299288269e-05,7.01698451955294e-05,2.64975444320679e-06,2.65172704310454e-10
31-Oct-2023 00:30,0.00012716051462931,0.000206352584785655,1.54338482380015e-05,1.8954803551454e-06
31-Oct-2023 00:45,0.000254908723123748,0.000353962145571211,4.65524298765478e-05,1.81611350031315e-05
31-Oct-2023 01:00,0.000434582267075518,0.000578291727085961,0.000102515300741438,8.6870759893248e-05
31-Oct-2023 01:15,0.000786119657456697,0.00108514739724016,0.000198238811789683,0.000279073072860598
31-Oct-2023 01:30,0.00160123582236534,0.00230678537967084,0.000380758741884235,0.000682909901002594
31-Oct-2023 01:45,0.00346433508559623,0.00506913403432541,0.000767709405059214,0.00136733153920274
31-Oct-2023 02:00,0.00738685651735168,0.0107230156306373,0.00160387467977698,0.00234739733698942
31-Oct-2023 02:15,0.0148611462311818,0.0211189529942074,0.00332945144448878,0.00357319195613088
31-Oct-2023 02:30,0.0277507164782222,0.0383625961519442,0.00663716043370637,0.00494744508398844
31-Oct-2023 02:45,0.0480055253647888,0.0644037230657653,0.012485985666183,0.00638898137169676
31-Oct-2023 03:00,0.0772804603448295,0.100603292767941,0.0220467852938881,0.00970876095382942
31-Oct-2023 03:15,0.116583475362059,0.147429460201633,0.0365776993736915,0.0150483458435225
31-Oct-2023 03:30,0.166068342556524,0.20437734811519,0.0572539890027663,0.0227818756596501
31-Oct-2023 03:45,0.225035948302692,0.270132849097931,0.086274917722253,0.0340201024246087
31-Oct-2023 04:00,0.309343975466514,0.352425978504278,0.144598770353194,0.0533099913522567
31-Oct-2023 04:15,0.724590422345458,0.676648496981974,0.330063181814094,0.0898833989568082
31-Oct-2023 04:30,1.64456489233986,1.80983567527075,0.679781623561444,0.15841768083445
31-Oct-2023 04:45,3.34326165973798,4.15584996694064,1.22946255641681,0.279983445614984
31-Oct-2023 05:00,5.93252212478157,7.38160780858876,2.11117610297757,0.482613816364732
31-Oct-2023 05:15,9.04211808135305,10.7777471541382,3.40703550914869,0.801220958599673
31-Oct-2023 05:30,12.2165118195537,13.9102308397534,5.12233704662717,1.27582035630244
31-Oct-2023 05:45,15.1899224104638,16.7058523244728,7.17499678854586,1.9473557758339
31-Oct-2023 06:00,17.8873527833675,19.1994303129397,9.44532721088396,2.85292782717891
31-Oct-2023 06:15,20.2928440189248,21.3943899170962,11.8171512835047,4.01969525874393
31-Oct-2023 06:30,22.4011063342813,23.2891553898053,14.194585501795,5.46445975397904
31-Oct-2023 06:45,24.2272156885233,24.9177707587079,16.5043252452029,7.19402567202946
31-Oct-2023 07:00,25.8174588632449,26.3508591978901,18.695885020492,9.2059502661053
31-Oct-2023 07:15,27.2448238692768,27.6793384461987,20.7425777108926,11.4892925573769
31-Oct-2023 07:30,28.5943249496148,28.99381474315,22.6412324618231,14.0248013381049
31-Oct-2023 07:45,29.9469210075285,30.3692139539204,24.4090610579105,16.7848696301407
31-Oct-2023 08:00,31.3689040428377,31.8593659883355,26.0779829287917,19.7338486351907
31-Oct-2023 08:15,32.9086989084218,33.4993366894107,27.6879970532306,22.829164106488
31-Oct-2023 08:30,34.5989164814348,35.310743294161,29.281282538639,26.0232905822277
31-Oct-2023 08:45,36.4600776237854,37.3059802339732,30.8979684634187,29.2663797392349
31-Oct-2023 09:00,38.5029373767248,39.4889697961559,32.5735820676697,32.5085303372355
31-Oct-2023 09:15,40.7278957562918,41.852231051146,34.3375362410712,35.7021821998471
31-Oct-2023 09:30,43.1220070402319,44.3723311652569,36.2118559460739,38.8043719112804
31-Oct-2023 09:45,45.6559801681864,47.0074322876551,38.2096943506024,41.7790275195115
31-Oct-2023 10:00,48.2833311006948,49.6983932106557,40.3336055772158,44.5994941762563
31-Oct-2023 10:15,50.9426055504804,52.373356426224,42.5741487454811,47.2500685316437
31-Oct-2023 10:30,53.5633401083263,54.9565912232414,44.9095092741832,49.7264384429826
31-Oct-2023 10:45,56.0749682147271,57.3793064655712,47.3066223195932,52.0352223654216
31-Oct-2023 11:00,58.4140318265239,59.5844944613172,49.7238410346268,54.1926600675215
31-Oct-2023 11:15,60.5283355108942,61.5288826578601,52.1145605857712,56.2225484949729
31-Oct-2023 11:30,62.3802302961632,63.1861354755539,54.4311799190875,58.1536725177701
31-Oct-2023 11:45,63.9483807574506,64.5471394047312,56.6286142153825,60.0170502060369
31-Oct-2023 12:00,65.2293708000819,65.618677548271,58.6680563686491,61.8432634740672
31-Oct-2023 12:15,66.2276499029371,66.4160087293997,60.5183124669251,63.6600577484075
31-Oct-2023 12:30,66.9602711210277,66.9615975110607,62.1573655741882,65.4903441802819
31-Oct-2023 12:45,67.4509708985206,67.2838961801275,63.5724414317098,67.3506924427241
31-Oct-2023 13:00,67.7277142354385,67.4134021071947,64.7595352113155,69.2503222721959
31-Oct-2023 13:15,67.8203429352076,67.3809249643437,65.7223223288294,71.1905918641972
31-Oct-2023 13:30,67.7584163654843,67.2153983078885,66.4707440932477,73.1650594590048
31-Oct-2023 13:45,67.5692328457137,66.9420913243834,67.019407100291,75.1602037689813
31-Oct-2023 14:00,67.2793870988062,66.5843232364477,67.3863502949385,77.1566999270238
31-Oct-2023 14:15,66.924426722705,66.1694894144057,67.5949723639056,79.1309498883642
31-Oct-2023 14:30,66.5024180524957,65.7069160443166,67.663305046163,81.0567118938424
31-Oct-2023 14:45,66.0326077302902,65.2062957645009,67.6104155136535,82.906796967523
31-Oct-2023 15:00,65.5298127828674,64.6838605472996,67.4542580804322,84.6547864707208
31-Oct-2023 15:15,65.0035046079391,64.146816931872,67.2115182404897,86.2766570380666
31-Oct-2023 15:30,64.4618426125772,63.5993356380392,66.8975452954864,87.7521212493215
31-Oct-2023 15:45,63.9107446315534,63.046508223657,66.525911781089,89.0655343069882
31-Oct-2023 16:00,63.3551202370533,62.4925343782503,66.1084182757414,90.2063342127727
31-Oct-2023 16:15,62.7984056840227,61.9396359991019,65.6551585945389,91.1690755581159
31-Oct-2023 16:30,62.2424393397356,61.3884928045798,65.1745746014387,91.9531231393385
31-Oct-2023 16:45,61.6881879943862,60.839616730048,64.6735312777956,92.5627176331778
31-Oct-2023 17:00,61.1372663735292,60.2954307336292,64.157561053381,93.0044929752304
31-Oct-2023 17:15,60.5916406812618,59.7579636442031,63.6312279678781,93.2881764740772
31-Oct-2023 17:30,60.0525713249422,59.2277508480922,63.098448221881,93.425998199195
31-Oct-2023 17:45,59.5215464372044,58.7067663196961,62.5623869813776,93.4317918427451
31-Oct-2023 18:00,59.0013485722559,58.1989096358242,62.0259604104178,93.3204969479843
31-Oct-2023 18:15,58.4958436341463,57.7087284322581,61.4920511367241,93.1077344333188
31-Oct-2023 18:30,58.0093360199355,57.2407214912517,60.9637349355908,92.8093247340812
31-Oct-2023 18:45,57.545908346847,56.7986816643304,60.4443316599318,92.4406962975921
31-Oct-2023 19:00,57.1086845301256,56.3848814418536,59.9372831425722,92.0162107766195
31-Oct-2023 19:15,56.6990973842953,55.9993726890906,59.4458857688077,91.5485063255535
31-Oct-2023 19:30,56.3163658279545,55.6396612343633,58.9729247607842,91.0480005042321
31-Oct-2023 19:45,55.9573625841496,55.30089328098,58.5202861527365,90.5226763756415
31-Oct-2023 20:00,55.6169226984526,54.9764895276238,58.0886384848342,89.9782031618991
31-Oct-2023 20:15,55.2885033417464,54.6590389113452,57.6772635126712,89.4183490406887
31-Oct-2023 20:30,54.9650234774896,54.3412340940916,57.2840775424944,88.845569878613
31-Oct-2023 20:45,54.6396971193988,54.0166641794361,56.9058382203641,88.2616299887818
31-Oct-2023 21:00,54.3067110223823,53.680351856019,56.5384918535236,87.6681300932171
31-Oct-2023 21:15,53.9616625995581,53.3290025149485,56.1775935645273,87.0668656369516
31-Oct-2023 21:30,53.6017402779898,52.9609952830419,55.8187290980323,86.4599926372544
31-Oct-2023 21:45,53.2256787385617,52.5761814534674,55.4578791250887,85.8500214741343
31-Oct-2023 22:00,52.8335501589463,52.1755682257652,55.0916876432369,85.2396842363265
31-Oct-2023 22:15,52.4264617665795,51.7609612306695,54.7176188281099,84.631729283061
31-Oct-2023 22:30,52.0062244104674,51.3346238415007,54.3340064778922,84.0290011357119
31-Oct-2023 22:45,51.5750419922864,50.8989906892814,53.9400142037412,83.4340381861234
31-Oct-2023 23:00,51.1352530234929,50.4564525707031,53.5355319123506,82.8483185412568
31-Oct-2023 23:15,50.6891379454333,50.0092138385819,53.1210355503093,82.2722672091958
31-Oct-2023 23:30,50.2387921115802,49.5592129587686,52.6974340969279,81.7056462975157
31-Oct-2023 23:45,49.786055586965,49.1080919612223,52.2659222852534,81.1477321951042
01-Nov-2023 00:00,49.3324868405512,48.6571997311581,51.8278512185189,80.5973379733656
01-Nov-2023 00:15,48.8793668635552,48.2076158916986,51.384623197951,80.0528547321923
01-Nov-2023 00:30,48.427721885863,47.7601850054764,50.9376124163605,79.5123615219392
01-Nov-2023 00:45,47.9783554889491,47.31555395587,50.4881099532164,78.9737917472443
01-Nov-2023 01:00,47.5318836747946,46.8742080832694,50.0372896468306,78.4351163168216
01-Nov-2023 01:15,47.0887688532494,46.4365037144231,49.5861906485703,77.8945035103795
01-Nov-2023 01:30,46.649350541611,46.002696105998,49.135712452538,77.3504329688711
01-Nov-2023 01:45,46.2138718023006,45.5729626183525,48.6866186322175,76.8017598697
01-Nov-2023 02:00,45.782501178,45.1474213280469,48.2395461571409,76.2477360952934
01-Nov-2023 02:15,45.3553502996751,44.7261455089561,47.795017842473,75.6879983930979
01-Nov-2023 02:30,44.9324876172591,44.3091746144114,47.3534561155395,75.1225330594312
01-Nov-2023 02:45,44.5139489101289,43.8965225589934,46.915196835105,74.5516253806558
01-Nov-2023 03:00,44.0997453366193,43.4881841105335,46.4805023646565,73.9758008547062
01-Nov-2023 03:15,43.689869721141,43.0841400121352,46.0495734720927,73.3957640694365
01-Nov-2023 03:30,43.2843015946581,42.6843611959053,45.6225598949685,72.8123398991557
01-Nov-2023 03:45,42.883011322329,42.2888122958273,45.1995695758531,72.2264204215132
01-Nov-2023 04:00,42.4859634831279,41.8974545012694,44.7806766546182,71.6389197721179
01-Nov-2023 04:15,42.0931194293935,41.5102474870286,44.3659283189915,71.050738140935
01-Nov-2023 04:30,41.7044457350017,41.1271639530394,43.9553511002254,70.462735262163
01-Nov-2023 04:45,41.3199336698881,40.7482179136667,43.5489581771022,69.8757128889626
01-Nov-2023 05:00,40.9396105514263,40.3734648136254,43.1467583237959,69.2904046922966
01-Nov-2023 05:15,40.5635200752754,40.0029549565503,42.7487634782766,68.7074709884058
01-Nov-2023 05:30,40.1916822537818,39.6366827148275,42.3549900384014,68.12749543016
01-Nov-2023 05:45,39.8240628019601,39.2745691528788,41.96545228801,67.5509819038192
01-Nov-2023 06:00,39.460568270313,38.9164780943483,41.5801515384799,66.9783519129922
01-Nov-2023 06:15,39.1010660194254,38.5622533856782,41.1990669674575,66.4099667097902
01-Nov-2023 06:30,38.7454189005536,38.2117620663305,40.8221529127676,65.8461672617443
01-Nov-2023 06:45,38.3935189935017,37.8649241412946,40.4493440763891,65.2872632531472
01-Nov-2023 07:00,38.0453063544075,37.5217178070406,40.0805664769214,64.7334610246923
01-Nov-2023 07:15,37.7007685031558,37.1821645688251,39.715749778996,64.1848173272531
01-Nov-2023 07:30,37.3599261294052,36.8463063379502,39.3548367772848,63.6412730831417
01-Nov-2023 07:45,37.0228135763862,36.514183781045,38.997787721999,63.1027310866589
01-Nov-2023 08:00,36.6894602922192,36.1858194962511,38.6445793555387,62.5691059606981
01-Nov-2023 08:15,36.3598761032005,35.8612064797159,38.2951999278544,62.0403412779309
01-Nov-2023 08:30,36.0340413342947,35.5403019373921,37.9496419368099,61.5164229436613
01-Nov-2023 08:45,35.7119022882544,35.223026787472,37.6078942789165,60.9973954374316
01-Nov-2023 09:00,35.3933723194397,34.9092708743819,37.2699352460758,60.4833681590036
01-Nov-2023 09:15,35.0783380944496,34.5989029215404,36.9357274874145,59.9744797837952
01-Nov-2023 09:30,34.7666697182919,34.2917831929132,36.6052156542809,59.4708246444701
01-Nov-2023 09:45,34.4582326570507,33.9877763019041,36.2783269511635,58.9723963621783
01-Nov-2023 10:00,34.1528991645751,33.6867618280127,35.9549742904959,58.4790882922796
01-Nov-2023 10:15,33.8505573016976,33.3886412261425,35.6350613107021,57.9907396067565
01-Nov-2023 10:30,33.551116438953,33.0933405777768,35.3184882686683,57.5071905387769
01-Nov-2023 10:45,33.2545090492895,32.8008096680528,35.0051578035054,57.0283509494882
01-Nov-2023 11:00,32.9606893453195,32.5110184471002,34.6949797579697,56.5571340361387
01-Nov-2023 11:15,32.6696297416599,32.2239521010505,34.3878745551859,56.0944963237061
01-Nov-2023 11:30,32.3813162166292,31.9396058130792,34.0837749644853,55.6395861242648
01-Nov-2023 11:45,32.0957434992861,31.6579799905571,33.7826263728907,55.1933721637169
01-Nov-2023 12:00,31.8129107409915,31.3790764050932,33.4843858657023,54.7574845122072
01-Nov-2023 12:15,31.5328180482198,31.1028954164853,33.1890205042456,54.3353737698591
01-Nov-2023 12:30,31.2554640180823,30.829434260962,32.8965051892842,53.9283400074703
01-Nov-2023 12:45,30.9808442689991,30.5586863050861,32.6068204448669,53.5350701883324
01-Nov-2023 13:00,30.7089510147615,30.2906414016257,32.3199503896996,53.1535671401097
01-Nov-2023 13:15,30.4397744412356,30.0252887836612,32.0358811615259,52.7804986871353
01-Nov-2023 13:30,30.1733086535839,29.7626270247744,31.7546002890324,52.4122366990085
01-Nov-2023 13:45,29.9095688579541,29.5026909837583,31.4760982282427,52.0480512402155
01-Nov-2023 14:00,29.648669272291,29.2456867426741,31.2003933615608,51.7074486153706
01-Nov-2023 14:15,29.3911513371343,28.992548875805,30.9275355964146,51.3729850445744
01-Nov-2023 14:30,29.1386745976903,28.745911030099,30.6577467751578,51.0339038067038
01-Nov-2023 14:45,28.8946224328522,28.510527113584,30.3916674876118,50.6947019333601
01-Nov-2023 15:00,28.6699536643173,28.3044153988101,30.1310791179567,50.3604694523021
01-Nov-2023 15:15,28.480890542639,28.1465261977995,29.8799060072489,50.0339483525193
01-Nov-2023 15:30,28.3348029017624,28.0344370562525,29.6440563159068,49.7153472645439
01-Nov-2023 15:45,28.2260564354695,27.953047709291,29.429259758036,49.4030647894518
01-Nov-2023 16:00,28.1434896855171,27.8890640890558,29.238934782431,49.0946308337723
01-Nov-2023 16:15,28.0753413348806,27.8308875813015,29.0733624818102,48.787481118008
01-Nov-2023 16:30,28.0104912167291,27.7679790293022,28.9300274791563,48.4794482354061
01-Nov-2023 16:45,27.9394209802327,27.6922091404692,28.8043918847973,48.1690644623392
01-Nov-2023 17:00,27.8547642486651,27.5978607131497,28.6907453988741,47.8557801056369
01-Nov-2023 17:15,27.7515185607078,27.4816989072936,28.5829927696989,47.540042161876
01-Nov-2023 17:30,27.6272250864522,27.3431693515013,28.4753245169961,47.2231647639098
01-Nov-2023 17:45,27.4819293412947,27.1841340994412,28.3627569769471,46.9070905698594
01-Nov-2023 18:00,27.3177576866048,27.0081454359603,28.2415151050492,46.5941711455837
01-Nov-2023 18:15,27.1382145175387,26.8195726681956,28.1092215567916,46.2869544995313
01-Nov-2023 18:30,26.9474654402267,26.6229320813641,27.9648865462391,45.987910931009
01-Nov-2023 18:45,26.7498253080626,26.4225624114706,27.8087434424564,45.6991058606144
01-Nov-2023 19:00,26.5495197374244,26.2225920295048,27.6420071995404,45.4219004314029
01-Nov-2023 19:15,26.3506563260417,26.0270457856718,27.4666300887474,45.1567576805965
01-Nov-2023 19:30,26.1572774322242,25.8399307075932,27.2851001840841,44.9031884997812
01-Nov-2023 19:45,25.9733716726435,25.6651946334897,27.1002914120558,44.6598309050213
01-Nov-2023 20:00,25.8027724509811,25.5065310280601,26.9153460466811,44.4246322762946
01-Nov-2023 20:15,25.6489364545803,25.3670712896654,26.7335593571656,44.1950947201651
01-Nov-2023 20:30,25.5146487928796,25.2490475208651,26.5582413118193,43.9685436405306
01-Nov-2023 20:45,25.4017322345216,25.1535209513114,26.3925460999689,43.7430012247111
01-Nov-2023 21:00,25.3108408083392,25.0802527556282,26.2392791780577,43.5156206303525
01-Nov-2023 21:15,25.2413923823122,25.0277475785951,26.1007063804215,43.2842892744969
01-Nov-2023 21:30,25.1916490323777,24.9934416070325,25.9783950914399,43.0478249335387
01-Nov-2023 21:45,25.158908337706,24.9739659954637,25.8731119240701,42.8056960022116
01-Nov-2023 22:00,25.1397464109988,24.9654157315171,25.7847879379469,42.5579895542262
01-Nov-2023 22:15,25.1302627815273,24.9635871560119,25.7125477997991,42.3053805031019
01-Nov-2023 22:30,25.1263044426317,24.9641838755869,25.6547896931597,42.0490919944841
01-Nov-2023 22:45,25.1236692210833,24.9630059936735,25.6093004256169,41.7907573860705
01-Nov-2023 23:00,25.118295474343,24.956131225258,25.5733928339196,41.5323200050168
01-Nov-2023 23:15,25.1064397988202,24.9400837191918,25.5440563537094,41.2759500333054
01-Nov-2023 23:30,25.0848367353663,24.9119789941133,25.5181139055149,41.0239136902659
01-Nov-2023 23:45,25.0508302850373,24.8696326321047,25.4923786559633,40.7784445047653
02-Nov-2023 00:00,25.0024667728738,24.8116227666761,25.4638036229381,40.5415879298571
02-Nov-2023 00:15,24.9385407132861,24.7372999489474,25.4296164885605,40.3150580298698
02-Nov-2023 00:30,24.8585891431928,24.6467429687664,25.3874319795593,40.1001367408428
02-Nov-2023 00:45,24.7628353089774,24.5406658081669,25.3353350921065,39.8976314968718
02-Nov-2023 01:00,24.6521594316896,24.4204284795817,25.2719357261855,39.707865618738
02-Nov-2023 01:15,24.5279183413119,24.2876917972827,25.1963902237296,39.5306712560389
02-Nov-2023 01:30,24.3916895283374,24.1441448878877,25.1083765082597,39.3653902824446
02-Nov-2023 01:45,24.2451740966347,23.99157236007,25.0080304924796,39.2109031748871
02-Nov-2023 02:00,24.090116588958,23.8317324058769,24.8958667899422,39.0656898384138
02-Nov-2023 02:15,23.928191722056,23.6662254389628,24.7726940263503,38.9279117179787
02-Nov-2023 02:30,23.7609375786695,23.4964800244068,24.6395281421563,38.7955044310714
02-Nov-2023 02:45,23.5897331672702,23.3237558456798,24.4975113564604,38.6662750815803
02-Nov-2023 03:00,23.4157903786693,23.1491409491148,24.3478434547823,38.5380005912798
02-Nov-2023 03:15,23.2401511663727,22.9735522440772,24.1917269676216,38.4085230650041
02-Nov-2023 03:30,23.0636912083651,22.7977444391598,24.0303250909271,38.2758375281074
02-Nov-2023 03:45,22.8871292438107,22.6223231530144,23.8647308300025,38.138167193406
02-Nov-2023 04:00,22.7110381358173,22.4477563515944,23.6959457640773,37.9940218967327
02-Nov-2023 04:15,22.5358547464264,22.274382906241,23.5248665179527,37.8422436322082
02-Nov-2023 04:30,22.3618894060799,22.1024221285308,23.3522770298363,37.6820408917809
02-Nov-2023 04:45,22.1893385249083,21.9319894886173,23.1788453433166,37.5129896916514
02-Nov-2023 05:00,22.0183038043411,21.7631212955481,23.0051246201166,37.3349863681411
02-Nov-2023 05:15,21.8488193358537,21.5958077050242,22.8315588018462,37.1481865269531
02-Nov-2023 05:30,21.6808853395111,21.4300309672217,22.6584934990671,36.9529800523534
02-Nov-2023 05:45,21.5145049429076,21.2658036276969,22.4861922392774,36.7499947955048
02-Nov-2023 06:00,21.3497178547723,21.1031986001556,22.3148572714723,36.5400729338052
02-Nov-2023 06:15,21.1866226853257,20.942361458569,22.144652837506,36.3242269092986
02-Nov-2023 06:30,21.0253800667255,20.783498002442,21.9757274947838,36.1036187266523
02-Nov-2023 06:45,20.8661941989798,20.6268398516784,21.808231397701,35.8795008036258
02-Nov-2023 07:00,20.7093189571211,20.4726807110571,21.6423281872959,35.653056404665
02-Nov-2023 07:15,20.5552604012945,20.3217638161114,21.478219025648,35.425243737575
02-Nov-2023 07:30,20.405112445898,20.1756843543583,21.3162083403654,35.1967743344967
02-Nov-2023 07:45,20.2608154775354,20.0370475197456,21.1568198804645,34.9682059916895
02-Nov-2023 08:00,20.1249093934352,19.9087536645768,21.0009127228828,34.7400509523447
02-Nov-2023 08:15,19.9995680375084,19.7924835370381,20.8496853685267,34.5128504565818
02-Nov-2023 08:30,19.8855261831227,19.6877139654661,20.7044827111944,34.2872217962424
02-Nov-2023 08:45,19.7817015275987,19.5920007076949,20.5664539887937,34.0638849271571
02-Nov-2023 09:00,19.6857317109532,19.502191588923,20.4362305518255,33.8436579594532
02-Nov-2023 09:15,19.5950242905991,19.4157465552081,20.3137902264332,33.6274099558746
02-Nov-2023 09:30,19.5077318500261,19.3315419198846,20.1985651711224,33.4159764820396
02-Nov-2023 09:45,19.4232653857164,19.2499846195621,20.0897258126006,33.2100617127028
02-Nov-2023 10:00,19.3422606918875,19.1725758656234,19.9865084010005,33.010156753257
02-Nov-2023 10:15,19.2661246590035,19.1011824458103,19.8884609433257,32.8164952315468
02-Nov-2023 10:30,19.19638235973,19.0372833482814,19.7955346556314,32.6290516370886
02-Nov-2023 10:45,19.134055113509,18.9814145013523,19.7080123648921,32.4475746714283
02-Nov-2023 11:00,19.0792492717156,18.9329437429822,19.6263182604795,32.271664957071
02-Nov-2023 11:15,19.0310422236791,18.8901865962646,19.5507825584542,32.100792017162
02-Nov-2023 11:30,18.9876454532603,18.850763462902,19.481436123587,31.934369825353
02-Nov-2023 11:45,18.9467439194566,18.8120454834308,19.4178883081618,31.7718570133321
02-Nov-2023 12:00,18.9058843403058,18.7715535910363,19.3593076612171,31.6127843108002
02-Nov-2023 12:15,18.8628096412174,18.7272354820612,19.3044935288085,31.4568687778747
02-Nov-2023 12:30,18.8156852465803,18.677604634053,19.2520067702267,31.3038678125251
02-Nov-2023 12:45,18.7632071317999,18.6217616589357,19.2003223676008,31.1536551056908
02-Nov-2023 13:00,18.7046115098663,18.5593368873624,19.1479723171676,31.0066055638376
02-Nov-2023 13:15,18.6396234526646,18.4904020665017,19.0936587399269,30.8641905030251
02-Nov-2023 13:30,18.5683823900919,18.4153859828624,19.0363298303427,30.7296073495932
02-Nov-2023 13:45,18.491361669354,18.33499162389,18.9752205750934,30.6072369495179
02-Nov-2023 14:00,18.4092784709621,18.2500973405645,18.9098636032247,30.501062685533
02-Nov-2023 14:15,18.3230007555067,18.1616639559631,18.8400756027713,30.4138196247952
02-Nov-2023 14:30,18.233490230849,18.0707135636103,18.7659271230297,30.3471107760364
02-Nov-2023 14:45,18.1418260037981,17.9784207968325,18.6877096376542,30.3019755791044
02-Nov-2023 15:00,18.0493033495743,17.8862623392125,18.6059168275485,30.2798525437668
02-Nov-2023 15:15,17.9575277284127,17.7960881190429,18.5212488603721,30.2862547758167
02-Nov-2023 15:30,17.868394377712,17.709995030041,18.4346294641038,30.3464793233775
02-Nov-2023 15:45,17.7838922087541,17.629993512483,18.3472074713975,30.5723682699604
02-Nov-2023 16:00,17.7058042305277,17.5576538284031,18.2603139411274,31.2188021052769
02-Nov-2023 16:15,17.6353562129898,17.4937224547185,18.1753762030122,32.4671592203492
02-Nov-2023 16:30,17.573513817056,17.4390768135455,18.0938517346416,34.2955836428677
02-Nov-2023 16:45,17.5243666101142,17.4009504934556,18.0174005632064,36.8259728103827
02-Nov-2023 17:00,17.5069154771528,17.4120806053271,17.9497052846742,40.2159227009676
02-Nov-2023 17:15,17.5799625200341,17.5660288434855,17.9689544789327,44.3373157908254
02-Nov-2023 17:30,17.8746915832947,18.0537063461201,18.0869271625413,49.184595368661
02-Nov-2023 17:45,18.6166755630621,19.1734404549854,18.3364461703232,54.8571101608085
02-Nov-2023 18:00,20.1165021323021,21.2945897241636,18.7985884143892,61.3583276739219
02-Nov-2023 18:15,22.7212727526977,24.7796871534579,19.6213495561768,68.7396924385823
02-Nov-2023 18:30,26.744139242228,29.9025584369661,20.9371105768293,77.2428704259829
02-Nov-2023 18:45,32.4063881815022,36.8069784340527,22.9597137774827,87.0314177646141
02-Nov-2023 19:00,39.8142352591339,45.5121415186413,25.9015178348883,98.1221824340565
02-Nov-2023 19:15,48.9470790527946,55.9021113493255,29.9495254936353,110.204703722104
02-Nov-2023 19:30,59.6253848436854,67.6729828260597,35.2391256110166,123.351928159858
02-Nov-2023 19:45,71.4813357176832,80.3136766883353,41.8270214297109,137.704351860128
02-Nov-2023 20:00,83.9819115503508,93.1776391863166,49.6675180450309,153.00800155012
02-Nov-2023 20:15,96.522617573556,105.629631239309,58.6047736215252,168.802400296662
02-Nov-2023 20:30,108.564091797399,117.206136478466,68.4615322636579,184.801724586906
02-Nov-2023 20:45,119.755106947681,127.712818163028,78.9642613337512,201.09399066982
02-Nov-2023 21:00,129.97417218871,137.20472210831,89.702428529066,217.941884675277
02-Nov-2023 21:15,139.317188780462,145.92285809954,100.924001970562,235.677285033404
02-Nov-2023 21:30,148.117304489105,154.291218144709,112.252718883895,254.571155737229
02-Nov-2023 21:45,157.225568277582,163.052867083139,123.691502579186,274.785290940548
02-Nov-2023 22:00,167.399590695662,173.01726100253,135.441698636978,296.418633396604
02-Nov-2023 22:15,178.641530777143,184.717702043325,147.510191091432,319.580111963092
02-Nov-2023 22:30,192.110550314731,199.763600292012,159.971214413374,344.41084990808
02-Nov-2023 22:45,208.913763131002,219.136883698909,173.065725824027,371.024740279352
02-Nov-2023 23:00,228.935719633869,241.365787697306,187.247606718194,399.434997046965
02-Nov-2023 23:15,250.751090317188,264.187527761528,202.82882694407,429.47575214969
02-Nov-2023 23:30,272.754756806549,286.043864785022,219.814147906424,460.807524828939
02-Nov-2023 23:45,293.734412682999,306.091868454489,237.901361941755,492.97348080434
03-Nov-2023 00:00,312.901620110485,323.821385176896,256.587561791612,525.453900820175
03-Nov-2023 00:15,329.751594850742,338.907391153126,275.312064276435,557.744020307687
03-Nov-2023 00:30,344.047083981742,351.260286434931,293.519513012854,589.423088950398
03-Nov-2023 00:45,355.695498852744,360.992932587897,310.70997493602,620.199102324411
03-Nov-2023 01:00,364.861816273794,368.404240548832,326.500175212721,649.922430916079
03-Nov-2023 01:15,371.885285502711,373.949780821115,340.641639773313,678.567092163498
03-Nov-2023 01:30,377.210281050872,378.143845721066,353.020133015725,706.189665348104
03-Nov-2023 01:45,381.323893745831,381.487816755965,363.656470041806,732.878961091334
03-Nov-2023 02:00,384.693772582353,384.424867010604,372.681096955593,758.709609265184
03-Nov-2023 02:15,387.727395969065,387.311251926739,380.303802659241,783.706113675412
03-Nov-2023 02:30,390.748495683952,390.405524737461,386.780846948312,807.832492149307
03-Nov-2023 02:45,393.987720219106,393.868827288717,392.384069672433,831.036351754979
03-Nov-2023 03:00,397.585397467801,397.772971691753,397.378343313588,853.174959872254
03-Nov-2023 03:15,401.602529073025,402.127331887695,402.013017999103,874.07673523419
03-Nov-2023 03:30,406.0460228062,406.903714054157,406.478814673556,893.565883309556
03-Nov-2023 03:45,411.15513620457,412.208911634902,411.025407983987,911.465042196582
03-Nov-2023 04:00,416.693390254965,417.982970768953,415.734844682246,927.627910287523
03-Nov-2023 04:15,422.457490876166,423.916773357064,420.629595313861,941.97093831483
03-Nov-2023 04:30,428.246281805414,429.705113376661,425.700083852126,954.488942604113
03-Nov-2023 04:45,433.828268690316,435.116473314444,430.895770922693,965.2538926723
03-Nov-2023 05:00,439.010121338743,439.995385525628,436.131853877918,974.401888558872
03-Nov-2023 05:15,443.654730823915,444.247260168034,441.302008865389,982.114178738439
03-Nov-2023 05:30,447.670823671963,447.811339411643,446.293382729423,988.59675931842
03-Nov-2023 05:45,450.997540865933,450.646193928603,450.997858224243,994.061333326299
03-Nov-2023 06:00,453.59739168076,452.730693818423,455.318502178358,998.70925184745
03-Nov-2023 06:15,455.456948806967,454.069559038694,459.173086741872,1002.7195258682
03-Nov-2023 06:30,456.589115715222,454.69546258931,462.496573797949,1006.24125401764
03-Nov-2023 06:45,457.033088293191,454.666753368098,465.243213349167,1009.39022220541
03-Nov-2023 07:00,456.850990467599,454.061575944984,467.387987256652,1012.24873206194
03-Nov-2023 07:15,456.121451759344,452.969297998732,468.926868368758,1014.86759115718
03-Nov-2023 07:30,454.931084627761,451.480661534946,469.875505318498,1017.26957044878
03-Nov-2023 07:45,453.365582582927,449.678975850981,470.26627212878,1019.45440483229
03-Nov-2023 08:00,451.502492402238,447.634523930722,470.144028974401,1021.40198685861
03-Nov-2023 08:15,449.406837563293,445.402444173588,469.561265152195,1023.07907199251
03-Nov-2023 08:30,447.129617283356,443.023289563985,468.573382399633,1024.4446322245
03-Nov-2023 08:45,444.708555545754,440.525284130158,467.23472728688,1025.45460594662
03-Nov-2023 09:00,442.170190701583,437.927210898607,465.595710480136,1026.06630772606
03-Nov-2023 09:15,439.532413078619,435.241111300481,463.701071631095,1026.24145451878
03-Nov-2023 09:30,436.806851894933,432.474464268046,461.589139741311,1025.94770588505
03-Nov-2023 09:45,434.000878723023,429.631881727197,459.291837968617,1025.1596935762
03-Nov-2023 10:00,431.119237049411,426.716475395653,456.835178523293,1023.86026547228
03-Nov-2023 10:15,428.165379624507,423.730996652521,454.240044002756,1022.04172180398
03-Nov-2023 10:30,425.14256147756,420.678756503383,451.523111283912,1019.70663406135
03-Nov-2023 10:45,422.054686098561,417.564287515061,448.697818281133,1016.86814866129
03-Nov-2023 11:00,418.906887502686,414.393728402925,445.775300048912,1013.54953562952
03-Nov-2023 11:15,415.705840939062,411.174934766609,442.765236907907,1009.78250509818
03-Nov-2023 11:30,412.459789477123,407.91729387286,439.676568906399,1005.60435587608
03-Nov-2023 11:45,409.178254398039,404.631195505129,436.518950260076,1001.05490734371
03-Nov-2023 12:00,405.871422745606,401.327183238594,433.300387577934,996.174220619145
03-Nov-2023 12:15,402.549308829394,398.014974942467,430.029827903404,991.001294620628
03-Nov-2023 12:30,399.220906398591,394.702655918832,426.716523605853,985.573274235708
03-Nov-2023 12:45,395.893577839759,391.396289656698,423.369619380557,979.924763154581
03-Nov-2023 13:00,392.57282623368,388.099992375651,419.997800741124,974.087189373227
03-Nov-2023 13:15,389.262432026261,384.816325157431,416.608978009751,968.088360130038
03-Nov-2023 13:30,385.96481703076,381.546793390161,413.210072048074,961.952316576241
03-Nov-2023 13:45,382.681489632479,378.292324600758,409.806930897075,955.69950565512
03-Nov-2023 14:00,379.413504813947,375.053731616636,406.404370558042,949.347227399943
03-Nov-2023 14:15,376.161940803451,371.832204659152,403.006318771311,942.910324377474
03-Nov-2023 14:30,372.928380735661,368.629792492989,399.616055946328,936.402256047073
03-Nov-2023 14:45,369.718016933189,365.45181854647,396.236872426438,929.836546210369
03-Nov-2023 15:00,366.531528506164,362.301033442576,392.872977033796,923.228861668428
03-Nov-2023 15:15,363.374378872189,359.180254419362,389.530015980165,916.603918552533
03-Nov-2023 15:30,360.254901719815,356.096564004402,386.211952775782,910.006472130064
03-Nov-2023 15:45,357.183089776339,353.057133696092,382.928536903416,903.542026685197
03-Nov-2023 16:00,354.174307054981,350.079048436471,379.703797859862,897.254745634989
03-Nov-2023 16:15,351.231625682629,347.170721244401,376.534781014147,891.15065015792
03-Nov-2023 16:30,348.326320465664,344.308256175685,373.408361017447,885.252730312197
03-Nov-2023 16:45,345.451159154475,341.470840958404,370.317512926355,879.552294820647
03-Nov-2023 17:00,342.60072017853,338.65439904281,367.257052316256,874.017006738754
03-Nov-2023 17:15,339.772032950322,335.857865583982,364.223719518488,868.602222115311
03-Nov-2023 17:30,336.972986285735,333.087689168742,361.22441979745,863.259867899671
03-Nov-2023 17:45,334.21819080757,330.363390543317,358.265822854786,857.945472583486
03-Nov-2023 18:00,331.506082543696,327.692448022873,355.34340877644,852.622787453555
03-Nov-2023 18:15,328.833456188626,325.066314673117,352.455653090981,847.26636637096
03-Nov-2023 18:30,326.205762448568,322.488751334531,349.616843734208,841.86310984479
03-Nov-2023 18:45,323.631984010647,319.96917304085,346.829281515069,836.411753893248
03-Nov-2023 19:00,321.111767604282,317.50453485421,344.088198748764,830.921502178521
03-Nov-2023 19:15,318.643413369858,315.08938148414,341.393449928583,825.402407744783
03-Nov-2023 19:30,316.224532016281,312.721962572949,338.735196621016,819.865559456951
03-Nov-2023 19:45,313.853193552843,310.400579734962,336.113558219021,814.323338031709
03-Nov-2023 20:00,311.544473794454,308.132475347898,333.534041936692,808.794040985273
03-Nov-2023 20:15,309.285258929754,305.916183972229,331.00108358403,803.276633655146
03-Nov-2023 20:30,307.066913306464,303.743585529839,328.512047459575,797.768618551697
03-Nov-2023 20:45,304.896756052232,301.622183221141,326.067255709624,792.272045811415
03-Nov-2023 21:00,302.783939359973,299.565906414162,323.669478309165,786.790734943359
03-Nov-2023 21:15,300.728569121566,297.567716302958,321.318458837899,781.329848758219
03-Nov-2023 21:30,298.720954776907,295.607222050038,319.016097939706,775.894506232287
03-Nov-2023 21:45,296.747290852905,293.670318773406,316.762053023134,770.502311763105
03-Nov-2023 22:00,294.79912935215,291.750680964213,314.555537459463,765.144352236435
03-Nov-2023 22:15,292.865094759106,289.839918975043,312.389064817238,759.814858532309
03-Nov-2023 22:30,290.936970148954,287.928581904137,310.256479111886,754.514029357797
03-Nov-2023 22:45,289.009214223228,286.010883501419,308.151583479096,749.243704722848
03-Nov-2023 23:00,287.080113608845,284.084017490007,306.071578213599,744.006742597802
03-Nov-2023 23:15,285.174949285275,282.158937850388,304.020061519474,738.806406514269
03-Nov-2023 23:30,283.23880478313,280.215412002053,301.981087660293,733.64648176966
03-Nov-2023 23:45,281.269044511641,278.233702270706,299.945693278568,728.530926073766
04-Nov-2023 00:00,279.264567367464,276.217694792188,297.90494979611,723.463481592964
04-Nov-2023 00:15,277.229101725794,274.174087133868,295.852036202979,718.448028336016
04-Nov-2023 00:30,275.168359613507,272.109509477182,293.782643718996,713.489342142689
04-Nov-2023 00:45,273.091979336827,270.033883008435,291.696550614643,708.593348818908
04-Nov-2023 01:00,271.006500780928,267.957178222813,289.599936178401,703.763926875063
04-Nov-2023 01:15,268.924661192698,265.890318303062,287.492734927135,699.003224011263
04-Nov-2023 01:30,266.858569848995,263.840681449679,285.378963043228,694.311911620645
04-Nov-2023 01:45,264.80406593891,261.805724802598,283.264890901309,689.687869426623
04-Nov-2023 02:00,262.762955359918,259.788565559409,281.14840841206,685.125569802934
04-Nov-2023 02:15,260.746119247582,257.804808908162,279.033675714343,680.61718123114
04-Nov-2023 02:30,258.77401236539,255.879430666355,276.926631403571,676.154588955927
04-Nov-2023 02:45,256.876560366389,254.045136435348,274.839144768673,671.731334967984
04-Nov-2023 03:00,255.071298522174,252.322429345116,272.790994042928,667.34425044176
04-Nov-2023 03:15,253.369809327844,250.708245924115,270.794025111803,662.992476862687
04-Nov-2023 03:30,251.767560209658,249.178654827961,268.853904266665,658.674848929543
04-Nov-2023 03:45,250.224635807717,247.685382949655,266.97661493348,654.388984368431
04-Nov-2023 04:00,248.700383514527,246.178614798306,265.16013385356,650.131629752622
04-Nov-2023 04:15,247.158918950286,244.626898783208,263.394240806289,645.899321199116
04-Nov-2023 04:30,245.571200210298,243.013035146708,261.662524822531,641.689282873141
04-Nov-2023 04:45,243.925107472593,241.334249497399,259.946542079684,637.500111065929
04-Nov-2023 05:00,242.221170369936,239.600330181804,258.229292151569,633.331853766415
04-Nov-2023 05:15,240.469004811642,237.826647051964,256.498003271824,629.185735647319
04-Nov-2023 05:30,238.682670042657,236.029636945996,254.744701674877,625.063932539232
04-Nov-2023 05:45,236.877407554436,234.224873269148,252.966710199462,620.969423777097
04-Nov-2023 06:00,235.067508668503,232.425583799382,251.165561758527,616.905708923756
04-Nov-2023 06:15,233.267390464991,230.643391571586,249.346194286471,612.876394151243
04-Nov-2023 06:30,231.483464555384,228.884338923307,247.514911499772,608.885694905661
04-Nov-2023 06:45,229.722053229095,227.151497549923,245.678680102352,604.934272039849
04-Nov-2023 07:00,227.987090839801,225.44756781869,243.844224509718,601.026999989487
04-Nov-2023 07:15,226.280778498786,223.773464802521,242.017623660192,597.174438488792
04-Nov-2023 07:30,224.603541665298,222.128304573246,240.204006467944,593.389010019557
04-Nov-2023 07:45,222.954330103473,220.510034686245,238.407565269938,589.678235462661
04-Nov-2023 08:00,221.33097321734,218.915726865495,236.630976063084,586.038568034156
04-Nov-2023 08:15,219.732993765153,217.343561465699,234.876265992843,582.457278962339
04-Nov-2023 08:30,218.15489140643,215.79012486969,233.143846198345,578.917377544077
04-Nov-2023 08:45,216.594565462565,214.252665599737,231.433450567137,575.40132483403
04-Nov-2023 09:00,215.107253712083,212.760445117009,229.759962229539,571.893341586363
04-Nov-2023 09:15,213.629011165096,211.300070241728,228.115535611156,568.380912461998
04-Nov-2023 09:30,212.157494879649,209.843133746171,226.49659874371,564.855687100091
04-Nov-2023 09:45,210.688531438082,208.385742535472,224.89843867147,561.313781093723
04-Nov-2023 10:00,209.219109726613,206.925835886263,223.316598999327,557.755473000364
04-Nov-2023 10:15,207.746139198419,205.459903887532,221.74699952005,554.184393903961
04-Nov-2023 10:30,206.266414400256,203.984777303383,220.18583803368,550.606425824291
04-Nov-2023 10:45,204.777568892576,202.498914008856,218.629549250452,547.028557266806
04-Nov-2023 11:00,203.278835991714,201.002848668353,217.07503412022,543.457882530555
04-Nov-2023 11:15,201.771283317174,199.499013887779,215.519614214921,539.900836602262
04-Nov-2023 11:30,200.257685436115,197.991399633522,213.961625132061,536.362689200234
04-Nov-2023 11:45,198.741600161389,196.48391209793,212.400426814575,532.847291373626
04-Nov-2023 12:00,197.228678334563,194.980864756381,210.836709976997,529.357048977059
04-Nov-2023 12:15,195.718838926981,193.483552897967,209.271442139463,525.893072334464
04-Nov-2023 12:30,194.214234901045,191.992571381187,207.705974656954,522.455431297056
04-Nov-2023 12:45,192.717018037693,190.510612516115,206.141777943341,519.043453085197
04-Nov-2023 13:00,191.231215455435,189.043380024348,204.580625969352,515.65601487948
04-Nov-2023 13:15,189.767858361236,187.596773725718,203.029018189495,512.292080494991
04-Nov-2023 13:30,188.316250953327,186.163106278114,201.485763248574,508.950633542159
04-Nov-2023 13:45,186.873744386287,184.735652837117,199.952396650874,505.630149505431
04-Nov-2023 14:00,185.439181339518,183.315912520503,198.42804074321,502.328790833673
04-Nov-2023 14:15,184.013435688256,181.90583002807,196.912692448455,499.044986604235
04-Nov-2023 14:30,182.597880592936,180.506895205994,195.40647398089,495.777772498511
04-Nov-2023 14:45,181.194269431887,179.121199754984,193.909796058698,492.526881234692
04-Nov-2023 15:00,179.805011624967,177.751687223878,192.423420875556,489.292731876102
04-Nov-2023 15:15,178.43282453294,176.401192467137,190.948495668224,486.08087399468
04-Nov-2023 15:30,177.079920067631,175.071382970986,189.486490089754,482.890696076793
04-Nov-2023 15:45,175.74733906031,173.762327872008,188.038994828389,479.72348198329
04-Nov-2023 16:00,174.434756449674,172.472688603485,186.607438675268,476.582554860526
04-Nov-2023 16:15,173.140871350846,171.200554311827,185.192841836954,473.46926770948
04-Nov-2023 16:30,171.86426427762,169.944605781075,183.795719987312,470.385609348091
04-Nov-2023 16:45,170.604281803303,168.704918107974,182.416189164721,467.335174078274
04-Nov-2023 17:00,169.361513278122,167.483060190335,181.054224135842,464.321579136106
04-Nov-2023 17:15,168.137707061697,166.28158698592,179.709952323626,461.346539019321
04-Nov-2023 17:30,166.935210791149,165.103156680884,178.383857848146,458.408951508372
04-Nov-2023 17:45,165.756135518157,163.949534873799,177.07681291326,455.505194629865
04-Nov-2023 18:00,164.601500539815,162.820777186325,175.789917408061,452.63040853195
04-Nov-2023 18:15,163.470623330809,161.714849934716,174.52419088351,449.779794986851
04-Nov-2023 18:30,162.360961194426,160.627839602253,173.280233877159,446.949284042732
04-Nov-2023 18:45,161.268373678176,159.554503372149,172.05787967683,444.135822561076
04-Nov-2023 19:00,160.187741734521,158.489141030552,170.856001501005,441.337494767479
04-Nov-2023 19:15,159.113779797028,157.426509163259,169.672550999987,438.553447656242
04-Nov-2023 19:30,158.041758634638,156.362418713226,168.504752898261,435.783575627518
04-Nov-2023 19:45,156.967998821115,155.294044565448,167.349401737921,433.028280363142
04-Nov-2023 20:00,155.890107758893,154.219972607998,166.203202242896,430.288371010832
04-Nov-2023 20:15,154.807036012337,153.140143747294,165.063090249181,427.565004029933
04-Nov-2023 20:30,153.71969991393,152.057080754322,163.926623960994,424.859659992838
04-Nov-2023 20:45,152.631559867508,150.976207045076,162.794782046396,422.175440238255
04-Nov-2023 21:00,151.547541008618,149.903208261296,161.666559629418,419.517616847124
04-Nov-2023 21:15,150.472998681316,148.84359813506,160.540945646551,416.890969839579
04-Nov-2023 21:30,149.416795026268,147.806347709367,159.423018689927,414.3251260797
04-Nov-2023 21:45,148.385303739057,146.801982220663,158.314341221099,411.883918342071
04-Nov-2023 22:00,147.391549016014,145.845348702278,157.216787360517,409.56015708359
04-Nov-2023 22:15,146.451403369556,144.954493710039,156.140120252775,407.370923933145
04-Nov-2023 22:30,145.580566054727,144.144169352469,155.095849420418,405.350602780499
04-Nov-2023 22:45,144.79970618195,143.428534731348,154.105688325431,403.519655010018
04-Nov-2023 23:00,144.10836442965,142.808287392484,153.166920808921,401.898888552426
04-Nov-2023 23:15,143.504919794529,142.275967359978,152.294490916135,400.493771411291
04-Nov-2023 23:30,142.991528112447,141.83578042383,151.487385442602,399.272538372475
04-Nov-2023 23:45,142.578907194033,141.502873057537,150.748178860438,398.302318209304
