Time,qL_reach_293,qL_reach_330,qL_reach_314,qL_reach_515
31-Oct-2023 00:15,0,0,0,0
31-Oct-2023 00:30,0,0,0,0
31-Oct-2023 00:45,0,0,0,0
31-Oct-2023 01:00,0,0,0,0
31-Oct-2023 01:15,0,0,0,0
31-Oct-2023 01:30,0,0,0,0
31-Oct-2023 01:45,0,0,0,0
31-Oct-2023 02:00,0,0,0,0
31-Oct-2023 02:15,0,0,0,0
31-Oct-2023 02:30,0,0,0,0
31-Oct-2023 02:45,0,0,0,0
31-Oct-2023 03:00,0,0,0,0.000494323206576993
31-Oct-2023 03:15,0,0,0,0.000714048123909172
31-Oct-2023 03:30,0,0,0,0.00093966986588194
31-Oct-2023 03:45,0,0,0.00588680772052352,0.000938749527228042
31-Oct-2023 04:00,0.0163471500816602,2.79647449609415e-17,0.0799010404307892,0.00093783051072725
31-Oct-2023 04:15,0.274759222204549,2.0858794091644e-05,0.359723386693502,0.000936912812906773
31-Oct-2023 04:30,0.459493989676974,2.51170476609173e-05,0.55809678708689,0.000935996430307822
31-Oct-2023 04:45,0.482585612705866,2.49187630875063e-05,0.583866663261162,0.000935081359485549
31-Oct-2023 05:00,0.494837761674636,2.47220437458297e-05,0.632467268490401,0.000934167597008983
31-Oct-2023 05:15,0.498397594934404,2.45268773904926e-05,0.631148419467015,0.00093325513946096
31-Oct-2023 05:30,0.501940337420822,2.43332517615876e-05,0.629416557927077,0.00093234398343806
31-Oct-2023 05:45,0.497377450977494,2.41411546959633e-05,0.624340998262684,0.000931434125550546
31-Oct-2023 06:00,0.492859626131618,2.39505741264893e-05,0.619189012144034,0.00113850955111804
31-Oct-2023 06:15,0.488386387875028,2.37614980812984e-05,0.614085806221971,0.00113742366052707
31-Oct-2023 06:30,0.483957266494251,2.35739146830342e-05,0.609030880881916,0.00113633922595381
31-Oct-2023 06:45,0.479571797508554,2.33878121481056e-05,0.604023741889355,0.0011352562438719
31-Oct-2023 07:00,0.475229521608744,2.32031787859457e-05,0.599063900329865,0.00113417471076868
31-Oct-2023 07:15,0.470929984596713,2.30200029982784e-05,0.594150872549834,0.00113309462314513
31-Oct-2023 07:30,0.466672737325722,2.2838273278389e-05,0.589284180097851,0.00113201597751582
31-Oct-2023 07:45,0.462457335641413,2.26579782104018e-05,0.584463349666773,0.00113093877040881
31-Oct-2023 08:00,0.458283340323538,2.24791064685629e-05,0.57968791303645,0.00112986299836565
31-Oct-2023 08:15,0.454150317028396,2.23016468165289e-05,0.5749574070171,0.00112878865794126
31-Oct-2023 08:30,0.450057836231975,2.21255881066607e-05,0.570271373393342,0.00112771574570389
31-Oct-2023 08:45,0.446005473173779,2.19509192793233e-05,0.565629358868853,0.00112664425823505
31-Oct-2023 09:00,0.441992807801344,2.17776293621914e-05,0.561030915011671,0.00112557419212947
31-Oct-2023 09:15,0.438019424715424,2.16057074695599e-05,0.556475598200113,0.00112450554399501
31-Oct-2023 09:30,0.434084913115843,2.143514280166e-05,0.551962969569312,0.00112343831045262
31-Oct-2023 09:45,0.430188866748007,2.1265924643981e-05,0.547492594958362,0.00112237248813628
31-Oct-2023 10:00,0.426330883850065,2.10980423665968e-05,0.543064044858075,0.00112130807369291
31-Oct-2023 10:15,0.422510567100703,2.0931485423499e-05,0.538676894359319,0.00112024506378234
31-Oct-2023 10:30,0.418727523567585,2.07662433519334e-05,0.534330723101956,0.00111918345507725
31-Oct-2023 10:45,0.414981364656407,2.06023057717434e-05,0.530025115224357,0.0011181232442631
31-Oct-2023 11:00,0.41127170606057,2.0439662384718e-05,0.525759659313494,0.00111706442803806
31-Oct-2023 11:15,0.40759816771147,2.02783029739444e-05,0.521533948355599,0.00111600700311297
31-Oct-2023 11:30,0.403960373729379,2.01182174031665e-05,0.517526184701756,0.00111495096621128
31-Oct-2023 11:45,0.400357952374926,1.99593956161483e-05,0.513377302551277,0.00111389631406898
31-Oct-2023 12:00,0.399189958382096,1.98018276360418e-05,0.509798299798898,0.00111284304343455
31-Oct-2023 12:15,0.395638866338482,1.96455035647605e-05,0.505722646911755,0.0011117911510689
31-Oct-2023 12:30,0.392122209168438,1.9490413582358e-05,0.501684805978678,0.00111074063374532
31-Oct-2023 12:45,0.388639629881348,1.93365479464101e-05,0.497684395062006,0.00110969148824941
31-Oct-2023 13:00,0.385190775405063,1.91838969914041e-05,0.49372103629615,0.00110864371137901
31-Oct-2023 13:15,0.381775296540676,1.90324511281304e-05,0.489794355842543,0.0011075972999442
31-Oct-2023 13:30,0.37839284791785,1.88822008430813e-05,0.485903983845099,0.00110655225076718
31-Oct-2023 13:45,0.375043087950683,1.87331366978522e-05,0.482049554386183,0.00110550856068223
31-Oct-2023 14:00,0.374124884799288,1.85852493285497e-05,0.47873375263884,0.0011044662265357
31-Oct-2023 14:15,0.387224568300725,1.84385294452319e-05,0.481968758719979,0.00110342524518587
31-Oct-2023 14:30,0.383814297378408,1.82929678312084e-05,0.478149403314991,0.00110238561350299
31-Oct-2023 14:45,0.38289918729744,1.81485553426366e-05,0.474937045550531,0.00110134732836914
31-Oct-2023 15:00,0.382062408111592,1.80052829078302e-05,0.471805881554442,0.00110031038667823
31-Oct-2023 15:15,0.378711570400757,1.78631415267185e-05,0.468083347259035,0.00109927478533594
31-Oct-2023 15:30,0.375392831526195,1.77221222702815e-05,0.464395055741865,0.00109824052125961
31-Oct-2023 15:45,0.372105862537135,1.75822162799884e-05,0.46074066306316,0.00109720759137829
31-Oct-2023 16:00,0.36885033805401,1.74434147672416e-05,0.457119828936075,0.00109617599263257
31-Oct-2023 16:15,0.365625936227659,1.73057090128243e-05,0.453532216686388,0.00109514572197462
31-Oct-2023 16:30,0.362432338699014,1.7169090366353e-05,0.449977493212651,0.00109411677636808
31-Oct-2023 16:45,0.359269230559273,1.70335502457342e-05,0.446455328946793,0.00130107280640186
31-Oct-2023 17:00,0.356136300310547,1.68990801366247e-05,0.442965397815167,0.00129986788389427
31-Oct-2023 17:15,0.353033239826978,1.67656715918974e-05,0.439507377200042,0.00129866444536455
31-Oct-2023 17:30,0.349959744316312,1.66333162311104e-05,0.436294056842353,0.00129746248763108
31-Oct-2023 17:45,0.346915512281945,1.65020057399807e-05,0.432897531556761,0.0012962620075238
31-Oct-2023 18:00,0.343900245485406,1.63717318698616e-05,0.429531978432599,0.00129506300188419
31-Oct-2023 18:15,0.340913648909296,1.62424864372247e-05,0.426197088236798,0.00129386546756518
31-Oct-2023 18:30,0.337955430720665,1.6114261323146e-05,0.422892555006544,0.00129266940143113
31-Oct-2023 18:45,0.335025302234823,1.59870484727959e-05,0.419618076013305,0.00129147480035774
31-Oct-2023 19:00,0.332122977879587,1.58608398949327e-05,0.416373351727276,0.00129028166123204
31-Oct-2023 19:15,0.329248175159944,1.57356276614011e-05,0.413158085782213,0.00128908998095231
31-Oct-2023 19:30,0.326400614623144,1.56114039066342e-05,0.409971984940676,0.00128789975642804
31-Oct-2023 19:45,0.323580019824194,1.54881608271592e-05,0.406814759059659,0.00128671098457986
31-Oct-2023 20:00,0.320786117291778,1.5365890681107e-05,0.403686121056606,0.00128552366233954
31-Oct-2023 20:15,0.318018636494568,1.52445857877263e-05,0.400585786875821,0.00128433778664987
31-Oct-2023 20:30,0.315277309807938,1.51242385269009e-05,0.397513475455248,0.00128315335446467
31-Oct-2023 20:45,0.312561872481078,1.50048413386712e-05,0.394468908693627,0.00128197036274871
31-Oct-2023 21:00,0.309872062604487,1.48863867227589e-05,0.391451811418029,0.00128078880847764
31-Oct-2023 21:15,0.307207621077861,1.47688672380961e-05,0.388461911351747,0.001279608688638
31-Oct-2023 21:30,0.304568291578355,1.46522755023581e-05,0.385498939082555,0.00127843000022712
31-Oct-2023 21:45,0.30195382052922,1.45366041914992e-05,0.382562628031328,0.00127725274025309
31-Oct-2023 22:00,0.299363957068818,1.4421846039293e-05,0.379652714421007,0.00127607690573469
31-Oct-2023 22:15,0.29679845301999,1.43079938368756e-05,0.376768937245922,0.0012749024937014
31-Oct-2023 22:30,0.294257062859802,1.41950404322931e-05,0.373911038241461,0.00127372950119328
31-Oct-2023 22:45,0.291739543689632,1.40829787300521e-05,0.37107876185407,0.00127255792526095
31-Oct-2023 23:00,0.289245655205621,1.39718016906741e-05,0.36827185521161,0.00127138776296556
31-Oct-2023 23:15,0.286775159669469,1.38615023302532e-05,0.365490068094026,0.00127021901137873
31-Oct-2023 23:30,0.284327821879576,1.37520737200175e-05,0.362733152904365,0.00126905166758249
31-Oct-2023 23:45,0.281903409142518,1.36435089858937e-05,0.360000864640113,0.00126788572866925
01-Nov-2023 00:00,0.279501691244868,1.35358013080754e-05,0.357292960864848,0.00126672119174174
01-Nov-2023 00:15,0.277122440425339,1.34289439205946e-05,0.354609201680224,0.00126555805391297
01-Nov-2023 00:30,0.274765431347263,1.33229301108969e-05,0.351949349698264,0.00126439631230618
01-Nov-2023 00:45,0.272430441071388,1.32177532194195e-05,0.349313170013964,0.00126323596405481
01-Nov-2023 01:00,0.270117249028996,1.31134066391731e-05,0.346700430178208,0.00126207700630242
01-Nov-2023 01:15,0.26782563699534,1.30098838153267e-05,0.344110900170984,0.00126091943620269
01-Nov-2023 01:30,0.265555389063387,1.29071782447962e-05,0.341544352374904,0.00125976325091933
01-Nov-2023 01:45,0.263306291617873,1.28052834758352e-05,0.339000561549022,0.00125860844762606
01-Nov-2023 02:00,0.261078133309665,1.27041931076306e-05,0.336479304802943,0.00125745502350655
01-Nov-2023 02:15,0.258870705030415,1.26039007898996e-05,0.333980361571224,0.0012563029757544
01-Nov-2023 02:30,0.256683799887519,1.25044002224916e-05,0.331503513588065,0.00125515230157306
01-Nov-2023 02:45,0.254517213179369,1.24056851549919e-05,0.329048544862281,0.00125400299817581
01-Nov-2023 03:00,0.252370742370885,1.23077493863292e-05,0.326615241652555,0.00125285506278573
01-Nov-2023 03:15,0.250244187069348,1.22105867643863e-05,0.324203392442971,0.0012517084926356
01-Nov-2023 03:30,0.248137349000505,1.21141911856132e-05,0.32181278791882,0.00125056328496793
01-Nov-2023 03:45,0.246050031984954,1.20185565946441e-05,0.319443220942674,0.00124941943703484
01-Nov-2023 04:00,0.243982041914812,1.19236769839167e-05,0.317094486530738,0.00124827694609809
01-Nov-2023 04:15,0.241933186730647,1.18295463932951e-05,0.314766381829454,0.00124713580942897
01-Nov-2023 04:30,0.239903276398685,1.17361589096951e-05,0.312458706092376,0.00124599602430832
01-Nov-2023 04:45,0.23789212288828,1.16435086667131e-05,0.310171260657303,0.00124485758802644
01-Nov-2023 05:00,0.235899540149649,1.15515898442573e-05,0.307903848923666,0.00124372049788304
01-Nov-2023 05:15,0.233925344091862,1.14603966681821e-05,0.305656276330167,0.00124258475118727
01-Nov-2023 05:30,0.231969352561096,1.13699234099255e-05,0.303428350332673,0.00124145034525759
01-Nov-2023 05:45,0.230031385319133,1.12801643861493e-05,0.301219880382354,0.00124031727742179
01-Nov-2023 06:00,0.228111264022117,1.1191113958382e-05,0.299030677904064,0.00123918554501689
01-Nov-2023 06:15,0.226208812199549,1.11027665326645e-05,0.296860556274966,0.00123805514538918
01-Nov-2023 06:30,0.224323855233538,1.10151165591988e-05,0.294709330803401,0.0012369260758941
01-Nov-2023 06:45,0.222456220338279,1.09281585319995e-05,0.292576818707981,0.00123579833389624
01-Nov-2023 07:00,0.220605736539784,1.08418869885477e-05,0.290462839096926,0.00123467191676929
01-Nov-2023 07:15,0.218772234655832,1.07562965094479e-05,0.288367212947628,0.001233546821896
01-Nov-2023 07:30,0.21695554727617,1.06713817180877e-05,0.286289763086445,0.00123242304666812
01-Nov-2023 07:45,0.215155508742927,1.05871372803e-05,0.284230314168718,0.00123130058848642
01-Nov-2023 08:00,0.213371955131265,1.05035579040278e-05,0.282188692659012,0.00123017944476055
01-Nov-2023 08:15,0.211604724230252,1.04206383389919e-05,0.280164726811577,0.00122905961290912
01-Nov-2023 08:30,0.209853655523954,1.03383733763612e-05,0.278158246651031,0.00122794109035955
01-Nov-2023 08:45,0.208118590172748,1.02567578484249e-05,0.276169083953252,0.0012268238745481
01-Nov-2023 09:00,0.206399370994853,1.01757866282688e-05,0.274197072226489,0.00122570796291979
01-Nov-2023 09:15,0.204695842448067,1.00954546294525e-05,0.272242046692676,0.00122459335292842
01-Nov-2023 09:30,0.203007850611727,1.00157568056901e-05,0.270303844268968,0.00122348004203644
01-Nov-2023 09:45,0.201335243168867,9.93668815053328e-06,0.268382303549462,0.001222368027715
01-Nov-2023 10:00,0.199677869388583,9.85824369705688e-06,0.266477264787142,0.00122125730744385
01-Nov-2023 10:15,0.198035580108611,9.78041851754662e-06,0.264588569876016,0.00122014787871133
01-Nov-2023 10:30,0.196408227718094,9.70320772318973e-06,0.262716062333446,0.00121903973901434
01-Nov-2023 10:45,0.194795666140553,9.62660646376782e-06,0.260859587282686,0.00121793288585828
01-Nov-2023 11:00,0.193197750817056,9.55060992735221e-06,0.259018991435609,0.001216827316757
01-Nov-2023 11:15,0.191614338689578,9.4752133400016e-06,0.257194123075624,0.00121572302923281
01-Nov-2023 11:30,0.190045288184551,9.40041196546226e-06,0.255384832040784,0.00121462002081641
01-Nov-2023 11:45,0.18849045919661,9.32620110487043e-06,0.253590969707088,0.00121351828904684
01-Nov-2023 12:00,0.186949713072517,9.25257609645721e-06,0.251812388971957,0.00121241783147148
01-Nov-2023 12:15,0.185422912595275,9.17953231525569e-06,0.250048944237905,0.00121131864564599
01-Nov-2023 12:30,0.183909921968426,9.10706517281039e-06,0.248300491396385,0.00121022072913426
01-Nov-2023 12:45,0.182410606800525,9.0351701168891e-06,0.246566887811811,0.00120912407950841
01-Nov-2023 13:00,0.180924834089792,8.96384263119684e-06,0.244847992305771,0.00120802869434873
01-Nov-2023 13:15,0.179452472208947,8.89307823509219e-06,0.243143665141398,0.00120693457124363
01-Nov-2023 13:30,0.177993390890209,8.82287248330585e-06,0.241453768007925,0.00120584170778964
01-Nov-2023 13:45,0.176547461210474,8.75322096566133e-06,0.239778164005411,0.00169955676809646
01-Nov-2023 14:00,0.17511455557666,8.684119306798e-06,0.238165324339352,0.00764634817667329
01-Nov-2023 14:15,0.173694547711219,8.61556316589616e-06,0.236567864237175,0.00763021508877203
01-Nov-2023 14:30,0.172287312637819,8.54754823640441e-06,0.234957570891434,0.00761413812308234
01-Nov-2023 14:45,0.170892726667183,8.48007024576908e-06,0.233361653054704,0.00759811703544729
01-Nov-2023 15:00,0.169510667383095,8.41312495516588e-06,0.231852713042339,0.00758215158286022
01-Nov-2023 15:15,0.168141013628564,8.3467081592336e-06,0.230272571357229,0.00756624152345915
01-Nov-2023 15:30,0.166783645492146,8.28081568580996e-06,0.22878394548474,0.00755038661652125
01-Nov-2023 15:45,0.165438444294424,8.21544339566947e-06,0.227216858544515,0.00753458662245724
01-Nov-2023 16:00,0.164105292574637,8.1505871822635e-06,0.225661411719965,0.00751884130280596
01-Nov-2023 16:15,0.162784074077467,8.08624297146223e-06,0.224118982230816,0.00750315042022884
01-Nov-2023 16:30,0.161474673739975,8.02240672129877e-06,0.222589447595081,0.00748751373850446
01-Nov-2023 16:45,0.160176977678684,7.95907442171525e-06,0.221072686571999,0.00747193102252312
01-Nov-2023 17:00,0.158890873176808,7.89624209431088e-06,0.219568579148809,0.00745640203828146
01-Nov-2023 17:15,0.157616248671634,7.83390579209208e-06,0.218077006527673,0.00744092655287706
01-Nov-2023 17:30,0.156352993742036,7.77206159922454e-06,0.216597851112732,0.00742550433450311
01-Nov-2023 17:45,0.155100999096139,7.71070563078717e-06,0.215130996497323,0.00741013515244309
01-Nov-2023 18:00,0.153860156559122,7.64983403252815e-06,0.213676327451318,0.00739481877706547
01-Nov-2023 18:15,0.152630359061157,7.58944298062273e-06,0.212233729908619,0.00737955497981845
01-Nov-2023 18:30,0.151411500625486,7.52952868143308e-06,0.210803090954777,0.0073643435332247
01-Nov-2023 18:45,0.150203476356632,7.47008737126998e-06,0.209384298814759,0.00734918421087617
01-Nov-2023 19:00,0.149006182428749,7.41111531615635e-06,0.207977242840841,0.00733407678742889
01-Nov-2023 19:15,0.147819516074096,7.35260881159273e-06,0.206581813500641,0.0073190210385978
01-Nov-2023 19:30,0.146643375571646,7.29456418232456e-06,0.205197902365279,0.00730401674115161
01-Nov-2023 19:45,0.145477660235825,7.2369777821113e-06,0.20382540209767,0.00728906367290768
01-Nov-2023 20:00,0.144322270405374,7.1798459934974e-06,0.202464206440944,0.00727416161272697
01-Nov-2023 20:15,0.143177107432342,7.12316522758502e-06,0.201114210206997,0.00725931034050893
01-Nov-2023 20:30,0.1420420736712,7.06693192380866e-06,0.199775309265162,0.00724450963718647
01-Nov-2023 20:45,0.140917072468078,7.01114254971138e-06,0.19844740053101,0.00743774310707712
01-Nov-2023 21:00,0.139802008150125,6.95579360072301e-06,0.197130381955273,0.00742286426981585
01-Nov-2023 21:15,0.138696786014991,6.90088159993992e-06,0.195824152512885,0.00740803551837002
01-Nov-2023 21:30,0.137601312320417,6.84640309790667e-06,0.194528612192148,0.0073932566375658
01-Nov-2023 21:45,0.136515494273961,6.79235467239927e-06,0.193243661984015,0.00737852741323839
01-Nov-2023 22:00,0.135439240022819,6.73873292821022e-06,0.191969203871491,0.00736384763222706
01-Nov-2023 22:15,0.134372458643777,6.68553449693526e-06,0.19070514081915,0.00734921708237032
01-Nov-2023 22:30,0.133315060133268,6.63275603676173e-06,0.189451376762764,0.00733463555250106
01-Nov-2023 22:45,0.13226695539754,6.58039423225868e-06,0.188207816599057,0.00732010283244174
01-Nov-2023 23:00,0.131228056242941,6.52844579416856e-06,0.186974366175553,0.00730561871299957
01-Nov-2023 23:15,0.130198275366304,6.47690745920065e-06,0.185750932280554,0.00729118298596177
01-Nov-2023 23:30,0.129177526345452,6.42577598982603e-06,0.184537422633214,0.00727679544409079
01-Nov-2023 23:45,0.128165723629793,6.37504817407419e-06,0.183333745873731,0.0072624558811196
02-Nov-2023 00:00,0.12716278253104,6.32472082533133e-06,0.182139811553638,0.00724816409174698
02-Nov-2023 00:15,0.126168619214018,6.2747907821401e-06,0.180955530126209,0.00723391987163285
02-Nov-2023 00:30,0.125183150687584,6.22525490800106e-06,0.179780812936965,0.00721972301739359
02-Nov-2023 00:45,0.124206294795644,6.17611009117563e-06,0.178615572214281,0.00720557332659742
02-Nov-2023 01:00,0.123237970208277,6.12735324449062e-06,0.177459721060105,0.00719147059775982
02-Nov-2023 01:15,0.122278096412946,6.0789813051443e-06,0.176313173440769,0.00717741463033886
02-Nov-2023 01:30,0.121326593705821,6.030991234514e-06,0.175175844177904,0.00716340522473073
02-Nov-2023 01:45,0.12038338318319,5.98338001796526e-06,0.174047648939458,0.00714944218226511
02-Nov-2023 02:00,0.11944838673297,5.93614466466239e-06,0.172928504230806,0.00713552530520072
02-Nov-2023 02:15,0.118521527026311,5.88928220738065e-06,0.17181832738596,0.00712165439672077
02-Nov-2023 02:30,0.117602727509293,5.84278970231986e-06,0.170717036558876,0.0071078292609285
02-Nov-2023 02:45,0.116691912394717,5.7966642289194e-06,0.169624550714852,0.00709404970284276
02-Nov-2023 03:00,0.115789006653992,5.75090288967486e-06,0.168540789622027,0.0070803155283935
02-Nov-2023 03:15,0.1148939360091,5.70550280995593e-06,0.167465673842963,0.00706662654441742
02-Nov-2023 03:30,0.114006626924663,5.66046113782586e-06,0.166399124726327,0.00705298255865357
02-Nov-2023 03:45,0.113127006600091,5.61577504386232e-06,0.165341064398659,0.00703938337973897
02-Nov-2023 04:00,0.112255002961824,5.57144172097964e-06,0.164291415756235,0.00702582881720427
02-Nov-2023 04:15,0.111390544655648,5.52745838425246e-06,0.163250102457008,0.00701231868146941
02-Nov-2023 04:30,0.110533561039114,5.48382227074084e-06,0.16221704891265,0.00699885278383934
02-Nov-2023 04:45,0.109683982174022,5.44053063931666e-06,0.161192180280671,0.00698543093649974
02-Nov-2023 05:00,0.108841738819005,5.39758077049141e-06,0.160175422456629,0.00697205295251272
02-Nov-2023 05:15,0.108006762422186,5.35496996624541e-06,0.15916670206642,0.00695871864581261
02-Nov-2023 05:30,0.107178985113916,5.31269554985828e-06,0.158165946458658,0.00694542783120175
02-Nov-2023 05:45,0.106358339699598,5.27075486574083e-06,0.157173083697131,0.00693218032434626
02-Nov-2023 06:00,0.105544759652587,5.22914527926821e-06,0.156188042553344,0.00691897594177188
02-Nov-2023 06:15,0.104738179107168,5.18786417661442e-06,0.155210752499143,0.00690581450085981
02-Nov-2023 06:30,0.103938532851615,5.14690896458812e-06,0.154241143699414,0.00689269581984257
02-Nov-2023 06:45,0.103145756321321,5.10627707046974e-06,0.153279147004867,0.00687961971779989
02-Nov-2023 07:00,0.102359785592009,5.06596594184983e-06,0.152324693944897,0.00686658601465459
02-Nov-2023 07:15,0.101580557373021,5.02597304646877e-06,0.151377716720518,0.00685359453116854
02-Nov-2023 07:30,0.100808009000667,4.98629587205768e-06,0.150438148197381,0.00684064508893857
02-Nov-2023 07:45,0.100042078431665,4.94693192618058e-06,0.14950592189886,0.00682773751039246
02-Nov-2023 08:00,0.0992827042366425,4.90787873607787e-06,0.148580971999222,0.0068148716187849
02-Nov-2023 08:15,0.0985298255937123,4.86913384851094e-06,0.14766323331686,0.00680204723819351
02-Nov-2023 08:30,0.0977833822821187,4.83069482960811e-06,0.146752641307608,0.00678926419351483
02-Nov-2023 08:45,0.0970433146759546,4.79255926471172e-06,0.145849132058125,0.00677652231046043
02-Nov-2023 09:00,0.0963095637379476,4.75472475822644e-06,0.144952642279351,0.0067638214155529
02-Nov-2023 09:15,0.0955820710133133,4.71718893346879e-06,0.144063109300035,0.00675116133612195
02-Nov-2023 09:30,0.0948607786236776,4.67994943251786e-06,0.143180471060329,0.00673854190030055
02-Nov-2023 09:45,0.0941456292610648,4.64300391606716e-06,0.142304666105456,0.006725962937021
02-Nov-2023 10:00,0.0934365661819519,4.60635006327768e-06,0.141435633579444,0.00671342427601109
02-Nov-2023 10:15,0.0927335332013887,4.5699855716321e-06,0.14057331321893,0.00670092574779024
02-Nov-2023 10:30,0.0920364746871815,4.53390815679016e-06,0.139717645347025,0.00668846718366572
02-Nov-2023 10:45,0.0913453355541415,4.49811555244517e-06,0.138868570867254,0.00667604841572879
02-Nov-2023 11:00,0.0906600612583955,4.46260551018162e-06,0.138026031257552,0.00666366927685094
02-Nov-2023 11:15,0.0899805977917591,4.42737579933393e-06,0.137189968564335,0.00665132960068015
02-Nov-2023 11:30,0.0893068916761718,4.39242420684637e-06,0.136360325396624,0.00663902922163707
02-Nov-2023 11:45,0.0886388899581926,4.35774853713401e-06,0.135537044920244,0.00662676797491136
02-Nov-2023 12:00,0.0879765402035562,4.32334661194481e-06,0.134720070852071,0.00661454569645794
02-Nov-2023 12:15,0.0873197904917878,4.28921627022277e-06,0.133909347454358,0.00660236222299329
02-Nov-2023 12:30,0.086668589410878,4.25535536797219e-06,0.133104819529108,0.00659021739199182
02-Nov-2023 12:45,0.0860228860520149,4.22176177812299e-06,0.132306432412515,0.00657811104168214
02-Nov-2023 13:00,0.0853826300043738,4.18843339039708e-06,0.131514131969463,0.00656604301104349
02-Nov-2023 13:15,0.0847477713499641,4.15536811117582e-06,0.130727864588083,0.00655401313980207
02-Nov-2023 13:30,0.084118260658532,4.12256386336847e-06,0.129947577174369,0.00654202126842747
02-Nov-2023 13:45,0.0834940489825189,4.09001858628175e-06,0.129173217146858,0.00653006723812905
02-Nov-2023 14:00,0.0828750878520747,4.05773023549035e-06,0.128404732431352,0.00651815089085239
02-Nov-2023 14:15,0.082261329270125,4.02569678270854e-06,0.127642071455715,0.00650627206927573
02-Nov-2023 14:30,0.0816527257074928,3.99391621566273e-06,0.126885183144714,0.00649443061680646
02-Nov-2023 14:45,0.0810492300980721,3.9623865379651e-06,0.126134016914917,0.00648262637757756
02-Nov-2023 15:00,0.0804507958340547,3.93110576898814e-06,0.125388522669651,0.00647085919644415
02-Nov-2023 15:15,0.079857376761209,3.90007194374028e-06,0.124648650794006,0.00645912891897996
02-Nov-2023 15:30,0.0792689271742091,3.8692831127424e-06,0.123914352149903,0.00644743539147389
02-Nov-2023 15:45,0.0786854018120155,3.83873734190544e-06,0.123185578071202,0.00833325826135186
02-Nov-2023 16:00,0.0781067558533053,3.80843271240884e-06,0.122462280358877,0.0310596743694252
02-Nov-2023 16:15,0.0775329449119522,3.77836732058002e-06,0.121761458916795,0.0545223063415898
02-Nov-2023 16:30,0.0769639250325557,3.74853927777483e-06,0.121264383113045,0.0548950082028931
02-Nov-2023 16:45,0.0763996526860178,3.71894671025885e-06,0.121182441670345,0.0547547540098071
02-Nov-2023 17:00,0.0758400847651682,3.68958775908975e-06,0.123011580649764,0.0546150269428174
02-Nov-2023 17:15,0.0752851785804372,3.66046058000046e-06,0.235056525512809,0.0549703930955168
02-Nov-2023 17:30,0.0747348918555742,3.63156334328335e-06,0.338425947719333,0.0550514368296733
02-Nov-2023 17:45,0.0741891827234137,3.60289423367529e-06,0.449452021013273,0.0574133298121977
02-Nov-2023 18:00,0.073648009721686,3.57445145024359e-06,0.554930705074694,0.0574964418418487
02-Nov-2023 18:15,0.0731113317888734,3.54623320627292e-06,0.721503541812989,0.0640557612915451
02-Nov-2023 18:30,0.0725791082601118,3.51823772915301e-06,0.718767674455206,0.115695470602297
02-Nov-2023 18:45,0.072051298863135,3.49046326026735e-06,0.714328347855132,0.185590326439603
02-Nov-2023 19:00,0.0715278637142642,3.46290805488271e-06,0.709584725870366,0.26951195784114
02-Nov-2023 19:15,0.0710087633144399,3.4355703820395e-06,0.70487308658613,0.310616781049841
02-Nov-2023 19:30,0.070493958545296,3.40844852444308e-06,0.700309171360423,0.415125336077896
02-Nov-2023 19:45,0.0699834106652776,3.38154077835586e-06,0.69592306969602,0.549538016179146
02-Nov-2023 20:00,0.069477081305799,3.3548454534903e-06,0.692087845132645,0.6751962190267
02-Nov-2023 20:15,0.0689749324674438,3.32836087290268e-06,0.700175818659458,0.764462749012462
02-Nov-2023 20:30,0.068476926551078,3.30208537288781e-06,0.895706733515033,0.786736633821255
02-Nov-2023 20:45,0.0704779034299896,3.2760173028745e-06,1.2029811385051,0.798349541996889
02-Nov-2023 21:00,0.072520092540938,3.25015502532185e-06,1.25648722647811,0.798662960203283
02-Nov-2023 21:15,0.0802223532508946,3.22449691561643e-06,3.64424039308975,0.800289004083715
02-Nov-2023 21:30,0.150498089199658,3.20397683966716e-06,4.88502640242853,0.80191591351784
02-Nov-2023 21:45,0.630703411945951,0.000222679899234424,5.81321456440241,0.802873650696558
02-Nov-2023 22:00,1.42225617026157,0.0011936235989304,6.90095624337754,0.803192188250439
02-Nov-2023 22:15,1.77585681611529,0.00126845687707668,7.60519225654479,0.801521454694833
02-Nov-2023 22:30,2.04483284265274,0.00128991569775242,7.97398172619202,0.800239656060896
02-Nov-2023 22:45,2.14834399725655,0.00128012755908461,8.06372635095797,0.798965251113161
02-Nov-2023 23:00,2.19745041925893,0.0012700266402554,8.13824204272716,0.799308669039142
02-Nov-2023 23:15,2.19333141319212,0.00126000050839076,8.12874941254501,0.797662546531636
02-Nov-2023 23:30,2.18079841629729,0.00125005352708639,8.0772452558126,0.795510604725987
02-Nov-2023 23:45,2.16032390094147,0.00124018507149405,8.02637317666811,0.794242763179422
03-Nov-2023 00:00,2.14005902318444,0.00123039452169826,7.96804418612792,0.792105949680311
03-Nov-2023 00:15,2.12242584781535,0.00122068126267747,7.95272355977726,0.789977279494804
03-Nov-2023 00:30,2.14216868393018,0.00121104470039324,7.93261690132261,0.787856716757417
03-Nov-2023 00:45,2.12475486836077,0.00120148419711301,7.87634689783922,0.785744225770606
03-Nov-2023 01:00,2.10492532536655,0.00119199916852247,7.81931492622515,0.783639771003968
03-Nov-2023 01:15,2.08773364017191,0.00118258901879225,7.77365081519119,0.781543317093428
03-Nov-2023 01:30,2.0682872369997,0.00117325315679668,7.71752127545875,0.779454828840438
03-Nov-2023 01:45,2.04903857874556,0.00116399099607672,7.66186423512856,0.77737427121118
03-Nov-2023 02:00,2.02998551123134,0.00115480195480306,7.60667532322932,0.775301609335771
03-Nov-2023 02:15,2.01112590514097,0.00114568545573963,7.5519502118954,0.773236808507471
03-Nov-2023 02:30,1.99245765571919,0.00113664092620727,7.49772707001783,0.771387970222939
03-Nov-2023 02:45,1.973978682474,0.00112766779804782,7.44391655559399,0.77834027708828
03-Nov-2023 03:00,1.95809108585755,0.00111876550758839,7.40275036810041,0.777169826910726
03-Nov-2023 03:15,1.94255540917706,0.00110993349560598,7.38133884714781,0.775111786734192
03-Nov-2023 03:30,1.92720112377974,0.00110117120729231,7.34926390499049,0.773061526369316
03-Nov-2023 03:45,2.14324882012682,0.00110584039188757,7.48943904126111,0.771019011675385
03-Nov-2023 04:00,2.20920520852644,0.00109714073598778,7.49677541453436,0.768984208671271
03-Nov-2023 04:15,2.18885416140871,0.00108847943917364,7.44279383642738,0.766957083534666
03-Nov-2023 04:30,2.16870786017959,0.00107988651832992,7.38926698589909,0.764937602601316
03-Nov-2023 04:45,2.1487640977625,0.00107136143366755,7.33619064634772,0.762925732364261
03-Nov-2023 05:00,2.12902069229527,0.00106290364965877,7.28356064288899,0.760921439473073
03-Nov-2023 05:15,2.1094754868275,0.00105451263500355,7.23137284192369,0.758924690733105
03-Nov-2023 05:30,2.09012634902167,0.00104618786259612,7.17962315070983,0.756935453104739
03-Nov-2023 05:45,2.07097117085801,0.00103792880949193,7.12830751693953,0.754953693702642
03-Nov-2023 06:00,2.052007868343,0.00102973495687478,7.07742192832035,0.752979379795018
03-Nov-2023 06:15,2.03323438122161,0.00102160579002423,7.02696241216108,0.751012478802874
03-Nov-2023 06:30,2.01464867269304,0.00101354079828325,6.9769250349621,0.749052958299278
03-Nov-2023 06:45,1.99624872913007,0.00100553947502616,6.92730590200997,0.747100786008632
03-Nov-2023 07:00,1.97803255980188,0.000997601317626787,6.87810115697651,0.745155929805943
03-Nov-2023 07:15,1.95999819660036,0.000989725827426929,6.82930698152207,0.743218357716093
03-Nov-2023 07:30,1.94214369376978,0.000981912509704986,6.78091959490312,0.741288037913121
03-Nov-2023 07:45,1.92446712763988,0.000974160873644906,6.73293525358395,0.739572934637823
03-Nov-2023 08:00,1.90696659636226,0.000966470432305348,6.68535025085267,0.737656845871529
03-Nov-2023 08:15,1.88964021965007,0.000958840702589092,6.63816091644116,0.735747914970091
03-Nov-2023 08:30,1.87248613852089,0.000951271205212696,6.59136361614919,0.733846110696841
03-Nov-2023 08:45,1.8555025150429,0.000943761464676384,6.54495475147253,0.731951401960708
03-Nov-2023 09:00,1.83868753208411,0.000936311009234181,6.49893075923501,0.730063757815525
03-Nov-2023 09:15,1.82203939306475,0.000928919370864271,6.45328811122456,0.728183147459329
03-Nov-2023 09:30,1.80555632171276,0.000921586085239606,6.40802331383309,0.726309540233666
03-Nov-2023 09:45,1.78923656182228,0.000914310691698731,6.36313290770024,0.724442905622901
03-Nov-2023 10:00,1.77307837701514,0.000907092733216851,6.31861346736097,0.722583213253532
03-Nov-2023 10:15,1.75708005050532,0.00089993175637712,6.27446160089678,0.720730432893507
03-Nov-2023 10:30,1.74123988486635,0.000892827311342154,6.23067394959086,0.718884534451541
03-Nov-2023 10:45,1.72555620180155,0.000885778951825781,6.18724718758671,0.717045487976441
03-Nov-2023 11:00,1.71002734191712,0.000878786235065002,6.14417802155052,0.715213263656431
03-Nov-2023 11:15,1.69465166449812,0.000871848721792177,6.10146319033714,0.713387831818485
03-Nov-2023 11:30,1.6794275472871,0.00086496597620743,6.05909946465957,0.711569162927655
03-Nov-2023 11:45,1.66435338626557,0.00085813756595128,6.01906991166601,0.70975722758641
03-Nov-2023 12:00,1.64942759543811,0.000851363062077471,5.97738341131395,0.707951996533975
03-Nov-2023 12:15,1.63464860661919,0.000844642039026036,5.93603864828635,0.706153440645674
03-Nov-2023 12:30,1.62001486922258,0.000837974074596556,5.89503251631737,0.704361530932274
03-Nov-2023 12:45,1.60552485005343,0.000831358749921646,5.85436193940969,0.702576238539338
03-Nov-2023 13:00,1.59117703310283,0.000824795649440634,5.81402387152446,0.700797534746571
03-Nov-2023 13:15,1.57696991934497,0.000818284360873466,5.77401529627461,0.699025390967183
03-Nov-2023 13:30,1.56290202653678,0.0008118244751948,5.73433322662127,0.697259778747239
03-Nov-2023 13:45,1.54897188902004,0.000805415586608314,5.69497470457363,0.69550066976503
03-Nov-2023 14:00,1.53517805752592,0.000799057292521217,5.65593680089177,0.69374803583043
03-Nov-2023 14:15,1.52151909898195,0.000792749193518957,5.61721661479282,0.692001848884269
03-Nov-2023 14:30,1.50799359632132,0.000786490893340128,5.57886750466215,0.690262080997699
03-Nov-2023 14:45,1.49700108072268,0.000780281998851583,5.541323836433,0.688528704371575
03-Nov-2023 15:00,1.48371997262225,0.000774122120023737,5.50982363550251,0.686801691335825
03-Nov-2023 15:15,1.47302821747273,0.000768010869906061,5.49572836129945,0.685081014348835
03-Nov-2023 15:30,1.46802255573823,0.000761947864602782,5.47362986375526,0.683366645996831
03-Nov-2023 15:45,1.47153508325116,0.000755932723248791,5.47386844093684,0.681658558993262
03-Nov-2023 16:00,1.48594870899349,0.000749965068097938,5.4955560038523,0.680831965556241
03-Nov-2023 16:15,1.50000398404244,0.000744044524161579,5.48530000073368,0.680494701936159
03-Nov-2023 16:30,1.48939382206435,0.000738170719411369,5.449457588025,0.680165671131638
03-Nov-2023 16:45,1.47629076379854,0.000732343284980572,5.41276352445827,0.678476527065425
03-Nov-2023 17:00,1.46331443443311,0.000726561854802115,5.37632108878677,0.676793547391155
03-Nov-2023 17:15,1.45046351629547,0.000720826065698812,5.34025260285438,0.675116705499643
03-Nov-2023 17:30,1.44564266227418,0.000715135557360553,5.33279274749802,0.673445974905058
03-Nov-2023 17:45,1.4495537465807,0.000709489972321701,5.32672490429597,0.671781329244338
03-Nov-2023 18:00,1.44496540093054,0.000703888955938514,5.30205355727891,0.670122742276593
03-Nov-2023 18:15,1.43233536698544,0.000698332156367048,5.2769546898042,0.668470187882522
03-Nov-2023 18:30,1.41982679232283,0.000692819224540938,5.26794715201661,0.666823640063835
03-Nov-2023 18:45,1.40987455648782,0.000687349814149495,5.2416018827333,0.665183072942662
03-Nov-2023 19:00,1.39758651199468,0.000681923581615955,5.21203147231804,0.664042977978333
03-Nov-2023 19:15,1.38541635584047,0.000676540186075897,5.20244902055414,0.662413755015956
03-Nov-2023 19:30,1.37336287153336,0.000671199289355827,5.16855114771589,0.660790436806894
03-Nov-2023 19:45,1.36142485593012,0.000665900555951937,5.13428109229288,0.659383698089649
03-Nov-2023 20:00,1.36589152343198,0.00066064365300906,5.10742417744305,0.660268153541485
03-Nov-2023 20:15,1.36205883939358,0.000655428250299641,5.08620502330274,0.658657030167444
03-Nov-2023 20:30,1.35025865864563,0.000650254020203169,5.05509173625792,0.65705172874559
03-Nov-2023 20:45,1.34104051957232,0.000645120637685481,5.02395627853666,0.655452224259341
03-Nov-2023 21:00,1.33197539597456,0.000640027780278371,4.99925173208478,0.653858491807824
03-Nov-2023 21:15,1.32047163611778,0.000634975128059336,4.96637030391012,0.652270506605327
03-Nov-2023 21:30,1.30907737911255,0.000629962363631477,4.93374887607595,0.650688243980745
03-Nov-2023 21:45,1.29779150326572,0.000624989172103562,4.90273256857338,0.652905470485359
03-Nov-2023 22:00,1.28902654776519,0.000620055241070243,4.88037144176633,0.651325924890591
03-Nov-2023 22:15,1.27793568632955,0.000615160260592434,4.8490237784555,0.650252737999713
03-Nov-2023 22:30,1.26695006786818,0.000610303923177842,4.81739994941383,0.648683983511754
03-Nov-2023 22:45,1.25849698771356,0.000605485923761646,4.78674550329893,0.647120861959569
03-Nov-2023 23:00,1.25569162468008,0.00060070595968734,4.76884477827107,0.645563349208397
03-Nov-2023 23:15,1.28448771764181,0.000595963746815992,4.76909808506908,0.644011421234955
03-Nov-2023 23:30,1.27348474191357,0.000591258954866955,4.73807128488863,0.642465054126907
03-Nov-2023 23:45,1.26258574101912,0.000586591304551787,4.70728774888539,0.640924224082331
04-Nov-2023 00:00,1.25178965738974,0.000581960502658592,4.67674565066276,0.639388907409191
04-Nov-2023 00:15,1.24109544490161,0.000577366258290216,4.6464428633027,0.638067088622636
04-Nov-2023 00:30,1.23050206874501,0.000572808282845967,4.61639378991994,0.636542549378111
04-Nov-2023 00:45,1.22241077273984,0.000568286290003493,4.59292635127687,0.635023453251139
04-Nov-2023 01:00,1.21199766998546,0.000563799995700792,4.59328425227587,0.633509776983799
04-Nov-2023 01:15,1.20417966904333,0.000559349118118368,4.57278182497199,0.632001497425453
04-Nov-2023 01:30,1.20193816843303,0.000554933377661529,4.5490862526048,0.630498591532229
04-Nov-2023 01:45,1.19432865604962,0.000550552496942823,4.5402649063203,0.629001036366513
04-Nov-2023 02:00,1.18419845275034,0.000546206200764611,4.51156792823721,0.627508809096439
04-Nov-2023 02:15,1.17416318972001,0.000541894216101784,4.48273932530699,0.626021886995387
04-Nov-2023 02:30,1.16663175832388,0.000537616272084607,4.45474077902389,0.624540247441471
04-Nov-2023 02:45,1.16475734685654,0.000533372099981708,4.43591852028378,0.623063867917048
04-Nov-2023 03:00,1.1575053540839,0.000529161433183196,4.45490853767382,0.621592726008214
04-Nov-2023 03:15,1.15033466634077,0.000524984007183909,4.46377867453926,0.620126799404307
04-Nov-2023 03:30,1.14874193274924,0.000520839559566804,4.44129003314695,0.618666065897416
04-Nov-2023 03:45,1.13907060480888,0.00051672782998647,4.41327882867246,0.617210503381892
04-Nov-2023 04:00,1.12948933966549,0.000512648560152772,4.38542943012309,0.615760089853851
04-Nov-2023 04:15,1.12239764320779,0.000508601493814629,4.35829945043059,0.614314803410696
04-Nov-2023 04:30,1.11297547738998,0.000504586376743915,4.33087222376636,0.61287462225063
04-Nov-2023 04:45,1.10364084574806,0.000500602956719489,4.30365817587651,0.611439524672171
04-Nov-2023 05:00,1.09439287202148,0.000496650983511351,4.27664915798834,0.610009489073678
04-Nov-2023 05:15,1.08523068928845,0.000492730208864924,4.25115448014394,0.608584493952871
04-Nov-2023 05:30,1.07615343986075,0.000488840386485458,4.22455281886719,0.607164517906354
04-Nov-2023 05:45,1.06716027517979,0.000484981272022559,4.1981521175187,0.60574953962915
04-Nov-2023 06:00,1.05825035571385,0.000481152623054838,4.17195255271459,0.604339537914221
04-Nov-2023 06:15,1.05182302500792,0.000477354199074687,4.14646102442186,0.602934491652009
04-Nov-2023 06:30,1.04305878933586,0.000473585761473164,4.12065517636008,0.601742388566228
04-Nov-2023 06:45,1.03437548659528,0.00046984707352501,4.0950453373191,0.600567291752049
04-Nov-2023 07:00,1.02577231101906,0.000466137900373774,4.06962982181649,0.599402981181068
04-Nov-2023 07:15,1.01724846538328,0.000462458009017066,4.04440696013443,0.598016986261518
04-Nov-2023 07:30,1.00880316091145,0.000458807168291911,4.01937509816305,0.596635843219494
04-Nov-2023 07:45,1.00043561717985,0.000455185148860238,3.99588837677834,0.595259531520004
04-Nov-2023 08:00,0.992145062024007,0.000451591723194464,3.97166698269099,0.593888030722322
04-Nov-2023 08:15,0.986331780482973,0.00044802666556321,3.94830079579537,0.592521320479535
04-Nov-2023 08:30,0.978174587735719,0.000444489752017113,3.92441062604994,0.591159380538102
04-Nov-2023 08:45,0.970092268929492,0.000440980760374765,3.90073727664706,0.589802190737402
04-Nov-2023 09:00,1.01546236779456,0.00043749992124228,3.90627887030281,0.588449731009294
04-Nov-2023 09:15,1.00958180498221,0.000434046110304681,3.88345398621416,0.587101981377677
04-Nov-2023 09:30,1.00123484308653,0.000430619565223403,3.85957152724841,0.585758921958046
04-Nov-2023 09:45,0.9929644409399,0.000427220070750148,3.83586915782225,0.584420532957061
04-Nov-2023 10:00,0.984769841347345,0.000423847413335882,3.81234533584564,0.583086794672108
04-Nov-2023 10:15,0.976650295088185,0.000420501381117418,3.78899853361966,0.581757687490869
04-Nov-2023 10:30,0.968605060827236,0.000417181763904105,3.76582723769368,0.580433191890889
04-Nov-2023 10:45,0.960633405027057,0.000413888353164631,3.74282994872398,0.579113288439149
04-Nov-2023 11:00,0.952734601861214,0.000410620942013914,3.72031450535422,0.57779795779164
04-Nov-2023 11:15,0.944907933128567,0.000407379325200115,3.69765863980927,0.576487180692939
04-Nov-2023 11:30,0.937152688168553,0.000404163299091739,3.67517238163004,0.575180937975784
04-Nov-2023 11:45,0.929468163777457,0.000400972661664845,3.65285428640717,0.573879210560657
04-Nov-2023 12:00,0.924253792724494,0.000397807212490354,3.63121032296847,0.572581979455365
04-Nov-2023 12:15,0.916690305986488,0.000394666752721462,3.60922091384889,0.571289225754622
04-Nov-2023 12:30,0.909195627281225,0.000391551085081145,3.58739543886333,0.570000930639637
04-Nov-2023 12:45,0.901769081074812,0.000388460013849768,3.56573250630451,0.568717075377703
04-Nov-2023 13:00,0.894409998898056,0.00038539334485279,3.54423075055357,0.567437641321783
04-Nov-2023 13:15,0.894985945558648,0.000382350885448567,3.53646639568109,0.566162609910107
04-Nov-2023 13:30,0.887695817214983,0.000379332444516251,3.51668265467388,0.564891962665761
04-Nov-2023 13:45,0.880471756872496,0.000376337832443782,3.50021357517342,0.563625681196286
04-Nov-2023 14:00,0.873313118204791,0.00037336686111598,3.47923434565092,0.562363747193276
04-Nov-2023 14:15,0.866219261621305,0.000370419343902726,3.45840996051375,0.561106142431974
04-Nov-2023 14:30,0.85918955419304,0.000367495095647237,3.43773947242537,0.559852848770881
04-Nov-2023 14:45,0.852223369579162,0.000364593932654438,3.41722158348905,0.558603848151351
04-Nov-2023 15:00,0.845320087954446,0.000361715672679423,3.3968550077791,0.557359122597205
04-Nov-2023 15:15,0.838479095937566,0.000358860134916002,3.3766384712231,0.557464288031892
04-Nov-2023 15:30,0.831699786520213,0.000356027139985348,3.35657071148537,0.556225741213405
04-Nov-2023 15:45,0.824981558997031,0.000353216509924726,3.33665047785164,0.554991423161568
04-Nov-2023 16:00,0.818323818896366,0.000350428068176315,3.31687653111488,0.553971993825121
04-Nov-2023 16:15,0.811725977911817,0.000347661639576118,3.29724764346234,0.552745899443903
04-Nov-2023 16:30,0.805187453834574,0.000344917050342954,3.27776259836376,0.551523981200009
04-Nov-2023 16:45,0.79870767048654,0.000342194128067549,3.25842019046067,0.550306221653749
04-Nov-2023 17:00,0.792286057654221,0.000339492701701698,3.2392192254569,0.549092603444951
04-Nov-2023 17:15,0.785922051023385,0.000336812601547524,3.22015852001021,0.547883109292581
04-Nov-2023 17:30,0.779615092114469,0.00033415365924682,3.20123690162497,0.546677721994367
04-Nov-2023 17:45,0.773364628218729,0.000331515707770468,3.18245320854598,0.545476424426423
04-Nov-2023 18:00,0.767170112335135,0.000328898581407948,3.16380628965346,0.54427919954288
04-Nov-2023 18:15,0.761031003107976,0.000326302115756933,3.14529500435897,0.543086030375513
04-Nov-2023 18:30,0.754946764765202,0.000323726147712955,3.12691822250252,0.54189690003337
04-Nov-2023 18:45,0.748916867057456,0.000321170515459165,3.10867482425066,0.54071179170241
04-Nov-2023 19:00,0.742940785197822,0.000318635058456162,3.09056369999567,0.539530688645132
04-Nov-2023 19:15,0.737017999802257,0.000316119617431913,3.07258375025577,0.538353574200214
04-Nov-2023 19:30,0.731147996830704,0.000313624034371748,3.05473388557632,0.537180431782154
04-Nov-2023 19:45,0.725330267528894,0.00031114815250843,3.03701302643207,0.536011244880903
04-Nov-2023 20:00,0.719564308370796,0.00030869181631231,3.01942010313038,0.534845997061512
04-Nov-2023 20:15,0.713849621001744,0.000306254871481556,3.00195405571549,0.533684671963775
04-Nov-2023 20:30,0.708185712182205,0.000303837164932461,2.98481912968758,0.53252725330187
04-Nov-2023 20:45,0.702572093732198,0.000301438544789827,2.97774183903846,0.531581733084992
04-Nov-2023 21:00,0.697008282476336,0.000299058860377421,2.96963864475353,0.531319791952601
04-Nov-2023 21:15,0.691493800189516,0.000296697962208516,2.95555405942928,0.53106769017555
04-Nov-2023 21:30,0.688441483455768,0.000294355701976493,2.95147356184368,0.535886701604498
04-Nov-2023 21:45,0.683005798485095,0.000292031932545531,2.94310022407222,0.550920423786409
04-Nov-2023 22:00,0.677618191317883,0.000289726507941362,2.92648581732416,0.557956944306386
04-Nov-2023 22:15,0.672278201647473,0.000287439283342101,2.92110170348561,0.564980558419465
04-Nov-2023 22:30,0.666985373867238,0.000285170115069148,2.9289977388996,0.568265100011925
04-Nov-2023 22:45,0.66972105335189,0.000282918860578164,2.96468275608462,0.571550710904708
04-Nov-2023 23:00,0.666999007237445,0.000280685378450114,2.95016270654807,0.574137460788926
04-Nov-2023 23:15,0.661760972358283,0.000278469528382388,2.96907997759198,0.578125406827331
04-Nov-2023 23:30,0.656569060383655,0.000276271171179982,2.96527571819851,0.578783155742205
04-Nov-2023 23:45,0.653855622679238,0.000274090168746758,2.94994292143763,0.592910088942602
